SECRETARÍA,CÓDIGO MUNICIPIO, MUNICIPIO,CÓDIGO, NOMBRE,  DIRECCIÓN,LAT,LONG, TELÉFONO, NOMBRE RECTOR, TIPO ESTABLECIMIENTO, SECTOR, GENERO, ZONA, NIVELES, JORNADAS, CARACTER, ESPECIALIDAD, LICENCIA, GRADOS, MODELOS EDUCATIVOS,  CAPACIDADES EXCEPCIONALES, DISCAPACIDADES, IDIOMAS, NÚMERO DE SEDES, ESTADO, PRESTADOR DE SERVICIO, PROPIEDAD DE LA PLANTA FISÍCA, RESGUARDO, MATRICULA CONTRATADA, CALENDARIO, INTERNADO, ESTRATO SOCIO-ECONOMICO, CORREO ELECTRÓNICO
SOGAMOSO,15759,SOGAMOSO,215759000575,INSTITUCION EDUCATIVA INTEGRADA MARCO ANTONIO QUIJANO RICO,VEREDA EL HATILLO,5.665257610,-72.88858632,3138546441 - 3134026095,LEONOR TIBOCHA JULIAO,INSTITUCION EDUCATIVA,OFICIAL,MIXTO,RURAL,"PREESCOLAR,MEDIA,BÁSICA SECUNDARIA,BÁSICA PRIMARIA","MAÑANA,ÚNICA,NOCTURNA,FIN DE SEMANA",TÉCNICO/ACADEMICO,"OTRO,AGROPECUARIO,ACADÉMICA",SIN REVISAR,"-1,0,1,2,3,4,5,6,7,8,9,10,11,21,22,23,24,25,26","TRANSFORMEMOS,PREESCOLAR ESCOLARIZADO_,MEDIA RURAL,PROGRAMA PARA JÓVENES EN EXTRAEDAD Y ADULTOS,ESCUELA NUEVA,TELESECUNDARIA,EDUCACIÓN TRADICIONAL,ACELERACIÓN DEL APRENDIZAJE,CAFAM",,,,7,ANTIGUO-ACTIVO,OFICIAL,OFICIAL,NO APLICA,SI,A,,,quijano-educacion@sogamoso-boyaca.gov.co
SOGAMOSO,15759,SOGAMOSO,215759000664,INSTITUCION EDUCATIVA SILVESTRE ARENAS,CARRERA 11 # 18- 61 SUR,5.689390140,-72.94776401,3124126834,RAFAELA DEL CARMEN LEON BARRERA,INSTITUCION EDUCATIVA,OFICIAL,MIXTO,"URBANA,RURAL","PREESCOLAR,MEDIA,BÁSICA SECUNDARIA,BÁSICA PRIMARIA","MAÑANA,ÚNICA,NOCTURNA,TARDE,FIN DE SEMANA",TÉCNICO/ACADEMICO,"OTRO,ACADÉMICA",SIN REVISAR,"0,1,2,3,4,5,6,7,8,9,10,11,20,21,22,23,24,25,26","PREESCOLAR ESCOLARIZADO_,TRANSFORMEMOS,POST PRIMARIA,PROGRAMA PARA JÓVENES EN EXTRAEDAD Y ADULTOS,ESCUELA NUEVA,EDUCACIÓN TRADICIONAL,SER",,,,3,ANTIGUO-ACTIVO,OFICIAL,OFICIAL,NO APLICA,SI,A,,,silvestrearenas-educacion@sogamoso-boyaca.gov.co
SOGAMOSO,15759,SOGAMOSO,115759000473,INSTITUCION EDUCATIVA LOS LIBERTADORES,CALLE 12A  N. 26-34,5.724470610,-72.93730460,7715660,FABIO AUGUSTO PEREZ MEJIA,INSTITUCION EDUCATIVA,OFICIAL,MIXTO,"URBANA,RURAL","PREESCOLAR,MEDIA,BÁSICA SECUNDARIA,BÁSICA PRIMARIA","MAÑANA,ÚNICA,NOCTURNA,TARDE,FIN DE SEMANA",TÉCNICO/ACADEMICO,"OTRO,NO APLICA,INDUSTRIAL,ACADÉMICA",SIN REVISAR,"-1,0,1,2,3,4,5,6,7,8,9,10,11,21,22,23,24,25,26","TRANSFORMEMOS,PROGRAMA PARA JÓVENES EN EXTRAEDAD Y ADULTOS,FLEXIBLE ESCUELA INTEGRAL,A CRECER,ESCUELA NUEVA,EDUCACIÓN TRADICIONAL,CIRCULOS DE APRENDIZAJE",,,,4,ANTIGUO-ACTIVO,OFICIAL,OFICIAL,NO APLICA,SI,A,,,libertadores-educacion@sogamoso-boyaca.gov.co
SOGAMOSO,15759,SOGAMOSO,215759000583,INSTITUCION EDUCATIVA EL CRUCERO,VEREDA PRIMERA CHORRERA SECTOR EL CRUCERO,5.619739020,-72.90691501,3203020408,GIOVANNI MAURICIO VELANDIA CORONADO,INSTITUCION EDUCATIVA,OFICIAL,MIXTO,RURAL,"PREESCOLAR,MEDIA,BÁSICA SECUNDARIA,BÁSICA PRIMARIA","MAÑANA,ÚNICA,NOCTURNA,TARDE,FIN DE SEMANA",TÉCNICO/ACADEMICO,"OTRO,NO APLICA,INDUSTRIAL,AGROPECUARIO,ACADÉMICA",SIN REVISAR,"0,1,2,3,4,5,6,7,8,9,10,11,21,22,23,24,25,26","PREESCOLAR ESCOLARIZADO_,TRANSFORMEMOS,POST PRIMARIA,MEDIA RURAL,PROGRAMA PARA JÓVENES EN EXTRAEDAD Y ADULTOS,FLEXIBLE ESCUELA INTEGRAL,ESCUELA NUEVA,EDUCACIÓN TRADICIONAL,TELESECUNDARIA",,,,6,ANTIGUO-ACTIVO,OFICIAL,OFICIAL,NO APLICA,NO,A,,,crucero-educacion@sogamoso-boyaca.gov.co
SOGAMOSO,15759,SOGAMOSO,115759000465,INSTITUCION EDUCATIVA MAGDALENA,CL 5 A 25 A 35,5.716698900,-72.94370468,7718092,PEDRO NU¿EZ CALA,INSTITUCION EDUCATIVA,OFICIAL,MIXTO,URBANA,"PREESCOLAR,MEDIA,BÁSICA SECUNDARIA,BÁSICA PRIMARIA","MAÑANA,ÚNICA,NOCTURNA,TARDE,FIN DE SEMANA",TÉCNICO/ACADEMICO,"OTRO,INDUSTRIAL,ACADÉMICA",SIN REVISAR,"0,1,2,3,4,5,6,7,8,9,10,11,20,21,22,23,24,25,26","TRANSFORMEMOS,PROGRAMA PARA JÓVENES EN EXTRAEDAD Y ADULTOS,EDUCACIÓN TRADICIONAL,SER",,,,1,ANTIGUO-ACTIVO,OFICIAL,OFICIAL,NO APLICA,NO,A,,,magdalena-educacion@sogamoso-boyaca.gov.co
SOGAMOSO,15759,SOGAMOSO,115759001887,INSTITUCION EDUCATIVA POLITECNICO ALVARO GONZALEZ SANTANA,CL 3 SUR 16 47,5.704726310,-72.94317296,7701545 / 7715640,HNO. CAMILO ANDRES VARGAS CASTILLO,INSTITUCION EDUCATIVA,OFICIAL,MIXTO,URBANA,"PREESCOLAR,MEDIA,BÁSICA SECUNDARIA,BÁSICA PRIMARIA","MAÑANA,NOCTURNA,TARDE,FIN DE SEMANA",TÉCNICO/ACADEMICO,"OTRO,INDUSTRIAL,ACADÉMICA",SIN REVISAR,"0,1,2,3,4,5,6,7,8,9,10,11,21,22,23,24,25,26","PREESCOLAR ESCOLARIZADO_,TRANSFORMEMOS,PROGRAMA PARA JÓVENES EN EXTRAEDAD Y ADULTOS,ESCUELA NUEVA,PREESCOLAR NO ESCOLARIZADO/SEMIESCOLARIZADO   ,EDUCACIÓN TRADICIONAL",,,,5,ANTIGUO-ACTIVO,OFICIAL,OFICIAL,NO APLICA,NO,A,,,politecnico-educacion@sogamoso-boyaca.gov.co
SOGAMOSO,15759,SOGAMOSO,115759000406,INSTITUCION EDUCATIVA FRANCISCO DE PAULA SANTANDER,KR 11 18 10,5.720671740,-72.92454560,7750289 - 3105523468,JOSE TITO ROJAS RINCON,INSTITUCION EDUCATIVA,OFICIAL,MIXTO,URBANA,"PREESCOLAR,MEDIA,BÁSICA SECUNDARIA,BÁSICA PRIMARIA","MAÑANA,NOCTURNA,TARDE,FIN DE SEMANA",TÉCNICO/ACADEMICO,"OTRO,NO APLICA,INDUSTRIAL,ACADÉMICA",SIN REVISAR,"0,1,2,3,4,5,6,7,8,9,10,11,21,22,23,24,25,26,31,32,99","CAMINAR EN SECUNDARIA,FLEXIBLE ESCUELA INTEGRAL,PROGRAMA PARA JÓVENES EN EXTRAEDAD Y ADULTOS,EDUCACIÓN TRADICIONAL,CIRCULOS DE APRENDIZAJE,ACELERACIÓN DEL APRENDIZAJE",,,,1,ANTIGUO-ACTIVO,OFICIAL,OFICIAL,NO APLICA,SI,A,,,santander-educacion@sogamoso-boyaca.gov.co
SOGAMOSO,15759,SOGAMOSO,115759001615,INSTITUCION EDUCATIVA COLEGIO DE SUGAMUXI,AVENIDA DEL  CUSIANA,5.703231360,-72.92780834,7702655-7703161,GLADYS BARRERA MARTINEZ,INSTITUCION EDUCATIVA,OFICIAL,MIXTO,"RURAL,URBANA","PREESCOLAR,MEDIA,BÁSICA SECUNDARIA,BÁSICA PRIMARIA","MAÑANA,NOCTURNA,TARDE,FIN DE SEMANA",TÉCNICO/ACADEMICO,"OTRO,INDUSTRIAL,ACADÉMICA",SIN REVISAR,"-2,-1,0,1,2,3,4,5,6,7,8,9,10,11,21,22,23,24,25,26","TRANSFORMEMOS,PROGRAMA PARA JÓVENES EN EXTRAEDAD Y ADULTOS,FLEXIBLE ESCUELA INTEGRAL,ESCUELA NUEVA,EDUCACIÓN TRADICIONAL",,,,4,ANTIGUO-ACTIVO,OFICIAL,OFICIAL,NO APLICA,SI,A,,,sugamuxi-educacion@sogamoso-boyaca.gov.co
SOGAMOSO,15759,SOGAMOSO,115759000279,INSTITUCION EDUCATIVA INTEGRADO JOAQUIN GONZALEZ CAMARGO,CARRERA 10 NO. 21-52,5.715046380,-72.93608788,7702700-7701921,JORGE ALBERTO CRUZ RINCON,INSTITUCION EDUCATIVA,OFICIAL,MIXTO,"URBANA,RURAL","PREESCOLAR,MEDIA,BÁSICA SECUNDARIA,BÁSICA PRIMARIA","MAÑANA,NOCTURNA,TARDE,FIN DE SEMANA",TÉCNICO/ACADEMICO,"OTRO,NO APLICA,INDUSTRIAL,ACADÉMICA",SIN REVISAR,"-2,-1,0,1,2,3,4,5,6,7,8,9,10,11,21,22,23,24,25,26","TRANSFORMEMOS,PREESCOLAR ESCOLARIZADO_,PROGRAMA PARA JÓVENES EN EXTRAEDAD Y ADULTOS,FLEXIBLE ESCUELA INTEGRAL,ESCUELA NUEVA,EDUCACIÓN TRADICIONAL,CIRCULOS DE APRENDIZAJE,CAFAM",,,,5,ANTIGUO-ACTIVO,OFICIAL,OFICIAL,NO APLICA,NO,A,,,integrado-educacion@sogamoso-boyaca.gov.co
SOGAMOSO,15759,SOGAMOSO,115759000490,INSTITUCION EDUCATIVA EMPRESARIAL Y AGROINDUSTRIAL LOS ANDES,CALLE 4 N¿ 10 - 27,5.709063440,-72.93210669,7717796,PLUTARCO HUERFANO LEMUS,INSTITUCION EDUCATIVA,OFICIAL,MIXTO,"URBANA,RURAL","PREESCOLAR,MEDIA,BÁSICA SECUNDARIA,BÁSICA PRIMARIA","MAÑANA,ÚNICA,NOCTURNA,TARDE,FIN DE SEMANA",TÉCNICO/ACADEMICO,"NO APLICA,INDUSTRIAL,AGROPECUARIO,ACADÉMICA",SIN REVISAR,"0,1,2,3,4,5,6,7,8,9,10,11,21,22,23,24,25,26,31,32","TRANSFORMEMOS,PROGRAMA PARA JÓVENES EN EXTRAEDAD Y ADULTOS,FLEXIBLE ESCUELA INTEGRAL,ESCUELA NUEVA,EDUCACIÓN TRADICIONAL,CIRCULOS DE APRENDIZAJE",,,,2,ANTIGUO-ACTIVO,OFICIAL,OFICIAL,NO APLICA,NO,A,,,inseandes-educacion@sogamoso-boyaca.gov.co
SOGAMOSO,15759,SOGAMOSO,215759001768,INSTIUCION EDUCATIVA NUESTRA SEÑORA DE MORCA,MORCA CENTRO,5.722075190,-72.89166983,7725112-7725113,VIVIAN TOVAR GONZALEZ,INSTITUCION EDUCATIVA,OFICIAL,MIXTO,RURAL,"PREESCOLAR,MEDIA,BÁSICA SECUNDARIA,BÁSICA PRIMARIA","MAÑANA,ÚNICA,NOCTURNA,TARDE,FIN DE SEMANA",TÉCNICO/ACADEMICO,"OTRO,ACADÉMICA",SIN REVISAR,"-2,-1,0,1,2,3,4,5,6,7,8,9,10,11,21,22,23,24,25,26","PREESCOLAR ESCOLARIZADO_,TRANSFORMEMOS,PROGRAMA PARA JÓVENES EN EXTRAEDAD Y ADULTOS,FLEXIBLE ESCUELA INTEGRAL,MEDIA RURAL,ESCUELA NUEVA,EDUCACIÓN TRADICIONAL",,,,3,ANTIGUO-ACTIVO,OFICIAL,OFICIAL,NO APLICA,SI,A,,,morca-educacion@sogamoso-boyaca.gov.co
SOGAMOSO,15759,SOGAMOSO,115759002131,INSTITUCION EDUCATIVA TECNICO SAN MARTIN DE TOURS,CL 13 8 42,5.716343640,-72.92501073,770 4333,GLORIA CONSTANZA AGUIRRE,INSTITUCION EDUCATIVA,OFICIAL,MIXTO,URBANA,"PREESCOLAR,MEDIA,BÁSICA SECUNDARIA,BÁSICA PRIMARIA","MAÑANA,NOCTURNA,TARDE,FIN DE SEMANA",TÉCNICO/ACADEMICO,"OTRO,INDUSTRIAL,ACADÉMICA",SIN REVISAR,"0,1,2,3,4,5,6,7,8,9,10,11,21,22,23,24,25,26","PROGRAMA PARA JÓVENES EN EXTRAEDAD Y ADULTOS,ESCUELA NUEVA,EDUCACIÓN TRADICIONAL",,"DISCAPACIDAD INTELECTUAL,LESIÓN NEUROMUSCULAR,DISCAPACIDAD VISUAL BAJA VISIÓN IRREVERSIBLE,PARALISIS CEREBRAL,SORDERA PROFUNDA,DISCAPACIDAD FÍSICA,DISCAPACIDAD MÚLTIPLE,SÍNDROME DE DOWN,DISCAPACIDAD VISUAL CEGUERA,TRASTORNO DEL ESPECTRO AUTISTA,HIPOACUSIA O BAJA AUDICIÓN",,1,ANTIGUO-ACTIVO,OFICIAL,OFICIAL,NO APLICA,NO,A,,,
SOGAMOSO,15759,SOGAMOSO,115759001895,INSTITUCION EDUCATIVA TECNICA BELLAS ARTES,CL 5 19 20,5.714583520,-72.93943304,7704206,JOSE PASTOR SUAREZ LOZANO,INSTITUCION EDUCATIVA,OFICIAL,MIXTO,URBANA,"PREESCOLAR,MEDIA,BÁSICA SECUNDARIA,BÁSICA PRIMARIA","MAÑANA,NOCTURNA,TARDE,FIN DE SEMANA",TÉCNICO/ACADEMICO,"OTRO,INDUSTRIAL,ACADÉMICA",SIN REVISAR,"0,1,2,3,4,5,6,7,8,9,10,11,21,22,23,24,25,26","TRANSFORMEMOS,PROGRAMA PARA JÓVENES EN EXTRAEDAD Y ADULTOS,EDUCACIÓN TRADICIONAL,CAFAM",,,,2,ANTIGUO-ACTIVO,OFICIAL,OFICIAL,NO APLICA,NO,A,,,bellasartes-educacion@sogamoso-boyaca.gov.co
SOGAMOSO,15759,SOGAMOSO,215759000907,INSTITUCION EDUCATIVA TECNICA INDUSTRIAL GUSTAVO JIMENEZ,KILOMETRO 5 VIA BELENCITO,5.759430350,-72.90539833,7706278,JORGE ELIECER GOMEZ PALACIOS,INSTITUCION EDUCATIVA,OFICIAL,MIXTO,"URBANA,RURAL","PREESCOLAR,MEDIA,BÁSICA SECUNDARIA,BÁSICA PRIMARIA,PRIMERA INFANCIA","MAÑANA,ÚNICA,NOCTURNA,TARDE,FIN DE SEMANA",TÉCNICO/ACADEMICO,"OTRO,INDUSTRIAL,ACADÉMICA",SIN REVISAR,"-3,-2,-1,0,1,2,3,4,5,6,7,8,9,10,11,21,22,23,24,25,26","TRANSFORMEMOS,PREESCOLAR ESCOLARIZADO_,FLEXIBLE ESCUELA INTEGRAL,PROGRAMA PARA JÓVENES EN EXTRAEDAD Y ADULTOS,ESCUELA NUEVA,EDUCACIÓN TRADICIONAL,CIRCULOS DE APRENDIZAJE",,,,8,ANTIGUO-ACTIVO,OFICIAL,OFICIAL,NO APLICA,NO,A,,,gustavo-educacion@sogamoso-boyaca.gov.co
SOGAMOSO,15759,SOGAMOSO,215759000524,INSTITUCION EDUCATIVA LA INDEPENDENCIA,VEREDA PEDREGAL,5.654646610,-72.93558742,313 854 6441 - 3143441727,JORGE FERNEY CUBIDES ANTOLÍNEZ,INSTITUCION EDUCATIVA,OFICIAL,MIXTO,RURAL,"PREESCOLAR,MEDIA,BÁSICA SECUNDARIA,BÁSICA PRIMARIA","MAÑANA,ÚNICA,FIN DE SEMANA",TÉCNICO/ACADEMICO,"OTRO,NO APLICA,AGROPECUARIO,ACADÉMICA",SIN REVISAR,"0,1,2,3,4,5,6,7,8,9,10,11,21,22,23,24,25,26","MEDIA RURAL,PROGRAMA PARA JÓVENES EN EXTRAEDAD Y ADULTOS,ESCUELA NUEVA,EDUCACIÓN TRADICIONAL,TELESECUNDARIA",,,,3,ANTIGUO-ACTIVO,OFICIAL,OFICIAL,NO APLICA,NO,A,,,independencia-educacion@sogamoso-boyaca.gov.co
SOGAMOSO,15759,SOGAMOSO,215759000630,INSTITUCION EDUCATIVA RAFAEL GUTIERREZ GIRARDOT,KM 6 VIA SOGAMOSO AQUITANIA,5.666528290,-72.92950943,3138517654,LENIN VARGAS CEBALLOS,INSTITUCION EDUCATIVA,OFICIAL,MIXTO,RURAL,"PREESCOLAR,MEDIA,BÁSICA SECUNDARIA,BÁSICA PRIMARIA","MAÑANA,ÚNICA,NOCTURNA,FIN DE SEMANA",TÉCNICO,OTRO,SIN REVISAR,"0,1,2,3,4,5,6,7,8,9,10,11,21,22,23,24,25,26","TRANSFORMEMOS,MEDIA RURAL,PROGRAMA PARA JÓVENES EN EXTRAEDAD Y ADULTOS,FLEXIBLE ESCUELA INTEGRAL,ESCUELA NUEVA,EDUCACIÓN TRADICIONAL,CAFAM",,,,3,ANTIGUO-ACTIVO,OFICIAL,OFICIAL,NO APLICA,SI,A,,,rafaelgutierrez-educacion@sogamoso-boyaca.gov.co
SOGAMOSO,15759,SOGAMOSO,315759002289,COLEGIO ACUARELA CAMPESTRE,CL 29 A 9 A 59,5.730212985,-72.91795212,7720732,LOPEZ BARRERA LINA XIMENA,CENTRO EDUCATIVO,NO OFICIAL,MIXTO,URBANA,"PREESCOLAR,BÁSICA PRIMARIA","MAÑANA,COMPLETA",NO APLICA,,CONDICIONAL,"-2,-1,0,1,2,3,4,5",EDUCACIÓN TRADICIONAL,,,,1,ANTIGUO-ACTIVO,PERSONA NATURAL,PERSONA NATURAL,NO APLICA,NO,A,,,
SOGAMOSO,15759,SOGAMOSO,315759002149,JARDIN INFANTIL KINDER MARTICA,CRA. 10 NO 28 - 42,5.729814493,-72.91873981,7703462,PINTO DE GOMEZ MARTHA MARIA,CENTRO EDUCATIVO,NO OFICIAL,MIXTO,URBANA,PREESCOLAR,TARDE,NO APLICA,,SIN REVISAR,-3,EDUCACIÓN TRADICIONAL,,,,1,ANTIGUO-ACTIVO,PERSONA NATURAL,PERSONA NATURAL,NO APLICA,NO,A,,,
SOGAMOSO,15759,SOGAMOSO,315759001576,LICEO ANGLO AMERICANO,KR 17 22 49,5.728058353,-72.92701841,7703164,VIVIANA GUTIERREZ CARDENAS,INSTITUCION EDUCATIVA,NO OFICIAL,MIXTO,URBANA,"PREESCOLAR,MEDIA,BÁSICA SECUNDARIA,BÁSICA PRIMARIA","MAÑANA,ÚNICA,NOCTURNA,TARDE,FIN DE SEMANA",ACADÉMICO,ACADÉMICA,CONDICIONAL,"-2,-1,0,1,2,3,4,5,6,7,8,9,10,11,23,24,25,26","PROGRAMA PARA JÓVENES EN EXTRAEDAD Y ADULTOS,EDUCACIÓN TRADICIONAL",,,INGLÉS,1,ANTIGUO-ACTIVO,PERSONA NATURAL,PERSONA NATURAL,NO APLICA,NO,A,,ESTRATO 3,liceoangloamericanosogamoso@gmail.com
SOGAMOSO,15759,SOGAMOSO,315759001983,COLEGIO SUAMOX,KR 9 10 69,5.721883689,-72.92163758,7750603,OLGA MIRIAM BOTIA RODRIGUEZ,INSTITUCION EDUCATIVA,NO OFICIAL,MIXTO,URBANA,"PREESCOLAR,MEDIA,BÁSICA SECUNDARIA,BÁSICA PRIMARIA","MAÑANA,NOCTURNA,TARDE",TÉCNICO,"OTRO,COMERCIAL",CONDICIONAL,"-2,-1,0,1,2,3,4,5,6,7,8,9,10,11,23,24,25",EDUCACIÓN TRADICIONAL,,,,1,ANTIGUO-ACTIVO,PERSONA NATURAL,PERSONA NATURAL,NO APLICA,NO,A,,,suamoxco@yahoo.es
SOGAMOSO,15759,SOGAMOSO,315759001550,COLEGIO ALEJANDRO DE HUMBOLDT,CL 3 7 A 45,5.705905456,-72.93141246,7700494,NIÑO ABRIL MARIA HELENA,INSTITUCION EDUCATIVA,NO OFICIAL,MIXTO,URBANA,"PREESCOLAR,MEDIA,BÁSICA SECUNDARIA,BÁSICA PRIMARIA","MAÑANA,COMPLETA",ACADÉMICO,"NO APLICA,ACADÉMICA",SIN REVISAR,"-2,-1,0,1,2,3,4,5,6,7,8,9,10,11",EDUCACIÓN TRADICIONAL,,"DISCAPACIDAD VISUAL BAJA VISIÓN IRREVERSIBLE,DISCAPACIDAD VISUAL CEGUERA",,1,ANTIGUO-ACTIVO,PERSONA NATURAL,PERSONA NATURAL,NO APLICA,NO,A,,,colhumboldt@yahoo.com
SOGAMOSO,15759,SOGAMOSO,315759002602,LICEO INFANTIL SAN MIGUEL ARCANGEL,CLLE 5  1-63,5.704936945,-72.92192857,3107552643,BLANCA CECILIA PEREZ MESA,CENTRO EDUCATIVO,NO OFICIAL,MIXTO,URBANA,PREESCOLAR,MAÑANA,NO APLICA,,SIN REVISAR,-3,,,,,1,NUEVO-ACTIVO,PERSONA NATURAL,PERSONA NATURAL,NO APLICA,NO,A,,,makoreal@hotmail.com
SOGAMOSO,15759,SOGAMOSO,315759800002,NIELS BOHR SCHOOL,IND KR 19 7 A 31,5.716160969,-72.93708624,3123568150,YINETH OLIVA CONDIA BRIÑEZ,INSTITUCION EDUCATIVA,NO OFICIAL,MIXTO,URBANA,PREESCOLAR,ÚNICA,,,CONDICIONAL,-3,EDUCACIÓN TRADICIONAL,,,,1,NUEVO-ACTIVO,PERSONA NATURAL,PERSONA NATURAL,NO APLICA,NO,A,,,yiolcobri@yahoo.com
SOGAMOSO,15759,SOGAMOSO,315759800045,JARDIN INFANTIL ECO DE SONRISAS,IND CRA 12 B N° 53 A-19,5.737258386,-72.91674117,3125797331,ANGELA MARCELA GONZALEZ MEDINA,INSTITUCION EDUCATIVA,NO OFICIAL,MIXTO,URBANA,PREESCOLAR,ÚNICA,,,DEFINITIVA,-3,EDUCACIÓN TRADICIONAL,,,,1,NUEVO-ACTIVO,PERSONA NATURAL,PERSONA NATURAL,NO APLICA,NO,A,,,angelamar10@hotmail.com
SOGAMOSO,15759,SOGAMOSO,315759001941,LICEO SAN NICOLAS DE TOLENTINO,KR 9 29 29,5.729902583,-72.91654868,7702358,PATIÑO CÁCERES ROSALBA,CENTRO EDUCATIVO,NO OFICIAL,MIXTO,URBANA,"PREESCOLAR,BÁSICA SECUNDARIA,BÁSICA PRIMARIA","MAÑANA,COMPLETA,TARDE",NO APLICA,,CONDICIONAL,"-2,-1,0,1,2,3,4,5,6","ETNOEDUCACIÓN,EDUCACIÓN TRADICIONAL",,,,1,ANTIGUO-ACTIVO,PERSONA NATURAL,PERSONA NATURAL,NO APLICA,NO,A,NINGUNO,,
SOGAMOSO,15759,SOGAMOSO,315759002700,LICEO SAN NICOLAS DE TOLENTINO,KR 9 29 29,5.729902583,-72.91654868,3123781419 - 3222115697,ROSALBA PATIÑO CACERES,CENTRO EDUCATIVO,NO OFICIAL,MIXTO,URBANA,"PREESCOLAR,MEDIA,BÁSICA SECUNDARIA,BÁSICA PRIMARIA",COMPLETA,,,CONDICIONAL,"-2,-1,0,1,2,3,4,5,6,7,8,9,10,11",EDUCACIÓN TRADICIONAL,,,,1,NUEVO-ACTIVO,PERSONA NATURAL,PERSONA NATURAL,NO APLICA,NO,A,,ESTRATO 3,sannicolastolentino2015@gmail.com
SOGAMOSO,15759,SOGAMOSO,315759000014,COLEGIO CELCO,CL 20 11 46,5.72353309,-72.92434841,7703207,JOSE BENJAMIN OJEDA GUAJE,INSTITUCION EDUCATIVA,NO OFICIAL,MIXTO,URBANA,"PREESCOLAR,MEDIA,BÁSICA SECUNDARIA,BÁSICA PRIMARIA","MAÑANA,COMPLETA",TÉCNICO/ACADEMICO,"OTRO,NO APLICA,ACADÉMICA",CONDICIONAL,"-2,-1,0,1,2,3,4,5,6,7,8,9,10,11",EDUCACIÓN TRADICIONAL,,,INGLÉS,1,ANTIGUO-ACTIVO,PERSONA NATURAL,PERSONA NATURAL,NO APLICA,NO,A,,,celcosogamoso01@gmail.com
SOGAMOSO,15759,SOGAMOSO,315759002564,INSTITUTO SAN MARTIN,KR 14 08 36,5.714840604,-72.93236042,7712268,GLORIA ESPERANZA VEGA SUAREZ,CENTRO EDUCATIVO,NO OFICIAL,MIXTO,URBANA,"MEDIA,BÁSICA SECUNDARIA,BÁSICA PRIMARIA","MAÑANA,NOCTURNA,FIN DE SEMANA",TÉCNICO/ACADEMICO,"OTRO,ACADÉMICA",SIN REVISAR,"7,9,11,21,22,23,24,25,26","PROGRAMA PARA JÓVENES EN EXTRAEDAD Y ADULTOS,EDUCACIÓN TRADICIONAL",,,,1,ANTIGUO-ACTIVO,PERSONA NATURAL,PERSONA NATURAL,NO APLICA,NO,A,,,sanmartin12011@hotmail.com
SOGAMOSO,15759,SOGAMOSO,315759002254,JARDIN INFANTIL LA CASITA DEL BEBE,CLLE 13A Nº 14-55,5.719652615,-72.93009657,7707416,NIDIA ESTUPIÑAN DE RUIZ,CENTRO EDUCATIVO,NO OFICIAL,MIXTO,URBANA,,,NO APLICA,,SIN REVISAR,,,,,,1,CIERRE DEFINITIVO,PERSONA NATURAL,PERSONA NATURAL,NO APLICA,NO,A,,,
SOGAMOSO,15759,SOGAMOSO,315759002378,FRIEDRICH FROBEL COUNTRY SCHOOL,CALLE 25 SUR Nº 12-54,5.685059517,-72.95497410,3195600431 - 3003926208,ALEXI ADRIANA ALVAREZ MORA,CENTRO EDUCATIVO,NO OFICIAL,MIXTO,RURAL,"PREESCOLAR,BÁSICA SECUNDARIA,BÁSICA PRIMARIA","MAÑANA,COMPLETA",NO APLICA,,DEFINITIVA,"-2,-1,0,1,2,3,4,5,6,7,8,9",EDUCACIÓN TRADICIONAL,,,INGLÉS,1,ANTIGUO-ACTIVO,PERSONA NATURAL,PERSONA NATURAL,NO APLICA,NO,A,,,frobel0303@hotmail.com
SOGAMOSO,15759,SOGAMOSO,315759002670,LICEO COOPERATIVO CAMPESTRE,KR 4 1 A 21,5.700979918,-72.92407606,7706878-3123636886,MARTHA HELENA GAITÁN DE PÉREZ,INSTITUCION EDUCATIVA,NO OFICIAL,MIXTO,URBANA,"PREESCOLAR,MEDIA,BÁSICA SECUNDARIA,BÁSICA PRIMARIA",COMPLETA,TÉCNICO/ACADEMICO,"OTRO,ACADÉMICA",CONDICIONAL,"-2,-1,0,1,2,3,4,5,6,7,8,9,10,11",EDUCACIÓN TRADICIONAL,,,,1,NUEVO-ACTIVO,PERSONA NATURAL,PERSONA NATURAL,NO APLICA,NO,A,,,liceoccampestre@gmail.com
SOGAMOSO,15759,SOGAMOSO,315759000011,COLEGIO SUEÑOS INFANTILES,CARRERA 14 NO 8-36,5.715006014,-72.93220657,703926,NORA INES PARRA PARRA,CENTRO EDUCATIVO,NO OFICIAL,MIXTO,URBANA,,,NO APLICA,,SIN REVISAR,,,,,,1,CIERRE DEFINITIVO,PERSONA NATURAL,PERSONA NATURAL,NO APLICA,NO,A,,,
SOGAMOSO,15759,SOGAMOSO,315759002343,LICEO GABRIELA MISTRAL,CALLE 6 NO 18 - 80,5.714955514,-72.93780224,7710350,MARLENY MESA PINEDA,CENTRO EDUCATIVO,NO OFICIAL,MIXTO,URBANA,"PREESCOLAR,BÁSICA PRIMARIA","MAÑANA,TARDE",NO APLICA,,SIN REVISAR,"-2,-1,0,1",EDUCACIÓN TRADICIONAL,,,,1,ANTIGUO-ACTIVO,PERSONA NATURAL,PERSONA NATURAL,NO APLICA,NO,A,,,liceogabrielamistral@hotmail.com
SOGAMOSO,15759,SOGAMOSO,315759001525,COLEGIO  SANTO  DOMINGO,CALLE  11  N°  27-28,5.72284793,-72.94035325,7713O88,CHAPARRO C. ZULY  ALEIDA,CENTRO EDUCATIVO,NO OFICIAL,MIXTO,URBANA,"PREESCOLAR,BÁSICA PRIMARIA",MAÑANA,NO APLICA,,SIN REVISAR,"-2,-1,0,1,2,3,4,5",EDUCACIÓN TRADICIONAL,,,,1,ANTIGUO-ACTIVO,PERSONA NATURAL,PERSONA NATURAL,NO APLICA,NO,A,,,
SOGAMOSO,15759,SOGAMOSO,315759002238,COLEGIO DE EDUCACION BASICA JEAN PIAGET,CALLE 7 NO17-44,5.712184491,-72.92689713,7710004,GARCIA MIRANDA CLAUDIA YANNETH,CENTRO EDUCATIVO,NO OFICIAL,MIXTO,URBANA,,,NO APLICA,,SIN REVISAR,,,,"DISCAPACIDAD INTELECTUAL,SORDERA PROFUNDA,SÍNDROME DE DOWN,HIPOACUSIA O BAJA AUDICIÓN",,1,CIERRE DEFINITIVO,PERSONA NATURAL,PERSONA NATURAL,NO APLICA,NO,A,,,
SOGAMOSO,15759,SOGAMOSO,315759001924,JARDIN INFANTIL LA CASITA DEL SABER,CALLE 16A NO 9A - 17,5.719929912,-72.92407711,7702703,LARA GUSTAVO,CENTRO EDUCATIVO,NO OFICIAL,MIXTO,URBANA,,,NO APLICA,,SIN REVISAR,,,,,,1,CIERRE DEFINITIVO,PERSONA NATURAL,PERSONA NATURAL,NO APLICA,NO,A,,,casita_delsaber@yahoo.es
SOGAMOSO,15759,SOGAMOSO,315759001541,COLEGIO CRUZADA SOCIAL,KRA 11 NO-23-59,5.725901836,-72.92243537,7703544,ANGARITA MONROY PAULA JIMENA,CENTRO EDUCATIVO,NO OFICIAL,MIXTO,URBANA,,,NO APLICA,,SIN REVISAR,,,,,,1,ANTIGUO-ACTIVO,PERSONA NATURAL,PERSONA NATURAL,NO APLICA,NO,A,,,0
SOGAMOSO,15759,SOGAMOSO,315759002106,LICEO DE APRESTAMIENTO ESCOLAR INFANTIL AEI,CARRERA 11 42-51,5.742415872,-72.91472752,7701180,CASTILLO ALVAREZ FLOR NAYIBE,CENTRO EDUCATIVO,NO OFICIAL,MIXTO,URBANA,"PREESCOLAR,BÁSICA PRIMARIA",MAÑANA,NO APLICA,,SIN REVISAR,"-2,-1,0,1,2",EDUCACIÓN TRADICIONAL,,,,1,ANTIGUO-ACTIVO,PERSONA NATURAL,PERSONA NATURAL,NO APLICA,NO,A,,,0
SOGAMOSO,15759,SOGAMOSO,315759002599,JARDIN INFANTIL BILINGUE  CRESER,CALLE 2A SUR  # 11-64,5.697959233,-72.92517681,7710326,VICTOR JULIO MARINO PINEDA,CENTRO EDUCATIVO,NO OFICIAL,MIXTO,URBANA,,,ACADÉMICO,NO APLICA,SIN REVISAR,,,,,,1,NUEVO-ACTIVO,PERSONA NATURAL,PERSONA NATURAL,NO APLICA,NO,A,,,
SOGAMOSO,15759,SOGAMOSO,315759002556,INSTITUCION EDUCATIVA ANTONIO NARIÑO,CL 16 11 A 62,5.719343915,-72.93165071,7702767,EDISON CARDENAS,CENTRO EDUCATIVO,NO OFICIAL,MIXTO,URBANA,"MEDIA,BÁSICA SECUNDARIA","NOCTURNA,TARDE,FIN DE SEMANA",ACADÉMICO,"NO APLICA,ACADÉMICA",SIN REVISAR,"23,24,25,26",PROGRAMA PARA JÓVENES EN EXTRAEDAD Y ADULTOS,,,,1,ANTIGUO-ACTIVO,PERSONA NATURAL,PERSONA NATURAL,NO APLICA,NO,A,,,ifescolempresarial@hotmail.com
SOGAMOSO,15759,SOGAMOSO,315759000120,COLEGIO COOPERATIVO GABRIEL CAMARO PEREZ,CL 35 10 A 140,5.736974981,-72.91763289,7728497,JAVIER MAURICIO LAVERDE GUERRERO,INSTITUCION EDUCATIVA,NO OFICIAL,MIXTO,URBANA,"PREESCOLAR,MEDIA,BÁSICA SECUNDARIA,BÁSICA PRIMARIA",MAÑANA,ACADÉMICO,ACADÉMICA,SIN REVISAR,"0,1,2,3,4,5,6,7,8,9,10,11",EDUCACIÓN TRADICIONAL,,,INGLÉS,1,ANTIGUO-ACTIVO,PERSONA NATURAL,PERSONA NATURAL,NO APLICA,NO,A,,,
SOGAMOSO,15759,SOGAMOSO,315759002068,COLEGIO PSICOPEDAGÓGICO DE SOGAMOSO,KR 21 9 71,5.723353205,-72.92149567,7720872,LINA BIBIANA GONZALEZ,CENTRO EDUCATIVO,NO OFICIAL,MIXTO,URBANA,"PREESCOLAR,BÁSICA SECUNDARIA,MEDIA,BÁSICA PRIMARIA","MAÑANA,COMPLETA,FIN DE SEMANA",NO APLICA,,CONDICIONAL,"-2,-1,0,1,2,3,4,5,10,23,24,25,26","PROGRAMA PARA JÓVENES EN EXTRAEDAD Y ADULTOS,EDUCACIÓN TRADICIONAL",,,,1,ANTIGUO-ACTIVO,PERSONA NATURAL,PERSONA NATURAL,NO APLICA,NO,A,,,colpsicosog@gmail.com
SOGAMOSO,15759,SOGAMOSO,315759000002,COLEGIO PEDAGOGICO DE COLOMBIA,CALLE 28 10 A -36,5.730488001,-72.91997618,722788,GLADYS CARRILLO MORA,INSTITUCION EDUCATIVA,NO OFICIAL,MIXTO,URBANA,"MEDIA,BÁSICA SECUNDARIA",FIN DE SEMANA,ACADÉMICO,"NO APLICA,ACADÉMICA",SIN REVISAR,"6,7,8,9,10,11,23,24,25,26","PROGRAMA PARA JÓVENES EN EXTRAEDAD Y ADULTOS,EDUCACIÓN TRADICIONAL",,,,1,ANTIGUO-ACTIVO,PERSONA NATURAL,PERSONA NATURAL,NO APLICA,NO,A,,,
SOGAMOSO,15759,SOGAMOSO,315759001509,JARDÍN INFANTIL PEDAGÓGICO,KR 11 20 33,5.7238365,-72.92410187,7704186 -3134979650,FLORANGELA MOLANO GUTIÉRREZ,CENTRO EDUCATIVO,NO OFICIAL,MIXTO,URBANA,"PREESCOLAR,BÁSICA PRIMARIA","MAÑANA,TARDE",NO APLICA,,SIN REVISAR,"-2,0,1,2,3,4,5",EDUCACIÓN TRADICIONAL,,,,1,ANTIGUO-ACTIVO,PERSONA NATURAL,PERSONA NATURAL,NO APLICA,NO,A,,,jip_sogamoso@hotmail.com
SOGAMOSO,15759,SOGAMOSO,315759002661,LICEO SANTO ÁNGEL,KR 8 20 A 56,5.721966093,-72.92095634,3203052651,SONIA MILENA BARRERO ORTEGON,CENTRO EDUCATIVO,NO OFICIAL,MIXTO,URBANA,"PREESCOLAR,BÁSICA PRIMARIA",COMPLETA,,,CONDICIONAL,"-2,-1,0,1,2,3,4,5",EDUCACIÓN TRADICIONAL,,,,1,NUEVO-ACTIVO,PERSONA NATURAL,PERSONA NATURAL,NO APLICA,NO,A,,ESTRATO 4,liceosantoangel@hotmail.com
SOGAMOSO,15759,SOGAMOSO,315759002506,COLEGIO IFESCOL BOYACÁ,CL 11 10 25,5.71504311,-72.92748608,,CÁRDENAS AGUIRRE FREDDY HENRY,CENTRO EDUCATIVO,NO OFICIAL,MIXTO,URBANA,"MEDIA,BÁSICA SECUNDARIA","TARDE,FIN DE SEMANA",NO APLICA,,SIN REVISAR,"23,24,25,26",PROGRAMA PARA JÓVENES EN EXTRAEDAD Y ADULTOS,,,,1,ANTIGUO-ACTIVO,PERSONA NATURAL,PERSONA NATURAL,NO APLICA,NO,A,,,ifescol@hotmail.com
SOGAMOSO,15759,SOGAMOSO,315759000073,COLEGIO NUESTRA SEÑORA DEL ROSARIO,KR 9 17 42,5.71946,-72.9228157,7702911,SOR MARIA FLOR SILVA GIL,INSTITUCION EDUCATIVA,NO OFICIAL,MIXTO,URBANA,"PREESCOLAR,MEDIA,BÁSICA SECUNDARIA,BÁSICA PRIMARIA",COMPLETA,ACADÉMICO,"NO APLICA,ACADÉMICA",SIN REVISAR,"-2,-1,0,1,2,3,4,5,6,7,8,9,10,11",EDUCACIÓN TRADICIONAL,,,,1,ANTIGUO-ACTIVO,PERSONA NATURAL,PERSONA NATURAL,NO APLICA,NO,A,,,colrosariosogamoso@gmail.com
SOGAMOSO,15759,SOGAMOSO,315759000118,COLEGIO SAN JOSE,CARRERA 16 A  N° 13-28,5.7204461,-72.93062463,7706811,GLORIA INES LEGUIZAMON VEGA,CENTRO EDUCATIVO,NO OFICIAL,MIXTO,RURAL,"PREESCOLAR,BÁSICA PRIMARIA","MAÑANA,TARDE",NO APLICA,,SIN REVISAR,"-1,0,1,2,3,4,5",EDUCACIÓN TRADICIONAL,,,,1,ANTIGUO-ACTIVO,PERSONA NATURAL,PERSONA NATURAL,NO APLICA,NO,A,,,colegiosanjosesyg1971@hotmail.com
SOGAMOSO,15759,SOGAMOSO,315759002581,INSTITUCION EDUCATIVA UNAD,CALLE 5 # 1-08,5.705065051,-72.92167107,7706645,ELENA DURAN,CENTRO EDUCATIVO,NO OFICIAL,MIXTO,URBANA,,,NO APLICA,,SIN REVISAR,,,,,,1,CIERRE TEMPORAL,PERSONA NATURAL,PERSONA NATURAL,NO APLICA,NO,A,,,sogamoso@unad.edu.co
SOGAMOSO,15759,SOGAMOSO,315759002645,INSTITUCION EDUCATIVA NUEVA GRANADA,CL 15 15 70,5.723033331,-72.93440694,7713210,LUZ AIDAN PATIÑO BARRERA,CENTRO EDUCATIVO,NO OFICIAL,MIXTO,URBANA,"MEDIA,BÁSICA SECUNDARIA","MAÑANA,NOCTURNA,FIN DE SEMANA",ACADÉMICO,"NO APLICA,ACADÉMICA",CONDICIONAL,"23,24,25,26",PROGRAMA PARA JÓVENES EN EXTRAEDAD Y ADULTOS,,,,1,ANTIGUO-ACTIVO,PERSONA NATURAL,PERSONA NATURAL,NO APLICA,NO,A,,,mal19@latinmail.com
SOGAMOSO,15759,SOGAMOSO,315759800029,JUAN PABLO II,CL 21 11 39,5.725011018,-72.92408002,7701094 - 3112928800,CAMILO FONSECA CORREDOR,INSTITUCION EDUCATIVA,NO OFICIAL,MIXTO,URBANA,"MEDIA,BÁSICA SECUNDARIA","MAÑANA,NOCTURNA,TARDE,FIN DE SEMANA",,,DEFINITIVA,"23,24,25,26",PROGRAMA PARA JÓVENES EN EXTRAEDAD Y ADULTOS,,,,1,NUEVO-ACTIVO,PERSONA NATURAL,PERSONA NATURAL,NO APLICA,NO,A,,,codemmbca1@hotmail.com
SOGAMOSO,15759,SOGAMOSO,315759800037,LICEO PASOS AL FUTURO S.A.S,KR 20 2 D 68 <EOF>,5.713313924,-72.94068697,,SONIA ROCIO AMEZQUITA FERNANDEZ,CENTRO EDUCATIVO,NO OFICIAL,MIXTO,URBANA,PREESCOLAR,ÚNICA,,,DEFINITIVA,-3,EDUCACIÓN TRADICIONAL,,,,1,NUEVO-ACTIVO,PERSONA NATURAL,PERSONA NATURAL,NO APLICA,NO,A,,,
SOGAMOSO,15759,SOGAMOSO,315759001860,JARDIN INFANTIL PEQUEÑOS SABIOS,CALLE 6A NO. 26 - 36,5.713899012,-72.93430771,7704094,OLGA BARRERA,CENTRO EDUCATIVO,NO OFICIAL,MIXTO,URBANA,,,NO APLICA,,SIN REVISAR,,,,,,1,CIERRE DEFINITIVO,PERSONA NATURAL,PERSONA NATURAL,NO APLICA,NO,A,,,
SOGAMOSO,15759,SOGAMOSO,315759000111,COLEGIO COOPERATIVO REYES PATRIA,CL 26 9 A 67,5.727687999,-72.92028691,7719598 - 7702453,OSCAR HERNÁN PORRAS OLARTE,INSTITUCION EDUCATIVA,NO OFICIAL,MIXTO,URBANA,"PREESCOLAR,MEDIA,BÁSICA SECUNDARIA,BÁSICA PRIMARIA","MAÑANA,ÚNICA",TÉCNICO/ACADEMICO,"OTRO,ACADÉMICA",CONDICIONAL,"-2,-1,0,1,2,3,4,5,6,7,8,9,10,11",EDUCACIÓN TRADICIONAL,,,,1,ANTIGUO-ACTIVO,PERSONA NATURAL,PERSONA NATURAL,NO APLICA,NO,A,,,reyespatriaedu@gmail.com
SOGAMOSO,15759,SOGAMOSO,315759000004,COLEGIO GIMNASIO SAN ANGELO,CALLE 4  Nº 10-38,5.707841484,-72.93190853,7723241,DIANA MARCELA CRISTANCHO,CENTRO EDUCATIVO,NO OFICIAL,MIXTO,URBANA,,,NO APLICA,,SIN REVISAR,,,,,,1,CIERRE DEFINITIVO,PERSONA NATURAL,PERSONA NATURAL,NO APLICA,NO,A,,,
SOGAMOSO,15759,SOGAMOSO,315759001665,JARDIN INFANTIL PICARDIAS,KR 26 13 20,5.724308081,-72.93804211,7704190-7717914,ROJAS RIVERA MARIA EUGENIA,CENTRO EDUCATIVO,NO OFICIAL,MIXTO,URBANA,"PREESCOLAR,BÁSICA PRIMARIA",MAÑANA,NO APLICA,,CONDICIONAL,"-2,-1,0,1,2",EDUCACIÓN TRADICIONAL,,,,1,ANTIGUO-ACTIVO,PERSONA NATURAL,PERSONA NATURAL,NO APLICA,NO,A,,,
SOGAMOSO,15759,SOGAMOSO,315759001657,ACISUG,CRA 7 NO. 8 - 79,5.71028409,-72.92617671,7723564,VARGAS H. ANA OFELIA,CENTRO EDUCATIVO,NO OFICIAL,MIXTO,URBANA,,,NO APLICA,,SIN REVISAR,,,,"DISCAPACIDAD INTELECTUAL,LESIÓN NEUROMUSCULAR,PARALISIS CEREBRAL,SÍNDROME DE DOWN,TRASTORNO DEL ESPECTRO AUTISTA",,1,CIERRE DEFINITIVO,PERSONA NATURAL,PERSONA NATURAL,NO APLICA,NO,A,,,
SOGAMOSO,15759,SOGAMOSO,315759001851,COLEGIO SAN FRANCISCO DE ASIS,CARRERA 17 Nº 22-49,5.727239975,-72.92707888,7701382,LUIS DE JESUS PEREZ TEJEDOR,INSTITUCION EDUCATIVA,NO OFICIAL,MIXTO,URBANA,,,ACADÉMICO,ACADÉMICA,SIN REVISAR,,,,,,1,CIERRE TEMPORAL,PERSONA NATURAL,PERSONA NATURAL,NO APLICA,NO,A,,,MANEROSI1@HOTMAIL
SOGAMOSO,15759,SOGAMOSO,315759000090,COLEGIO MILITAR INOCENCIO CHINCA,KR 17 22 49,5.727239975,-72.92707888,7720839,MY (R) RAMIRO TORO CHAPARRO,INSTITUCION EDUCATIVA,NO OFICIAL,MIXTO,URBANA,"MEDIA,BÁSICA SECUNDARIA,BÁSICA PRIMARIA",MAÑANA,TÉCNICO/ACADEMICO,"OTRO,NO APLICA,ACADÉMICA",SIN REVISAR,"1,2,3,4,5,6,7,8,9,10,11",EDUCACIÓN TRADICIONAL,,,,1,ANTIGUO-ACTIVO,PERSONA NATURAL,PERSONA NATURAL,NO APLICA,NO,A,,,colegiomichincasog@hotmail.com
SOGAMOSO,15759,SOGAMOSO,315759001495,CENTRO DE DESARROLLO HUMANO  CEDHU,CL 28 8 50,5.727487272,-72.91756557,7717333,LINEY ROA SANABRIA,INSTITUCION EDUCATIVA,NO OFICIAL,MIXTO,URBANA,"PREESCOLAR,MEDIA,BÁSICA SECUNDARIA,BÁSICA PRIMARIA","MAÑANA,COMPLETA",ACADÉMICO,ACADÉMICA,CONDICIONAL,"-2,-1,0,1,2,3,4,5,6,7,8,9,10,11",EDUCACIÓN TRADICIONAL,,,,1,ANTIGUO-ACTIVO,PERSONA NATURAL,PERSONA NATURAL,NO APLICA,NO,A,,,colegiocedhu@gmail.com
SOGAMOSO,15759,SOGAMOSO,315759002319,JARDIN  DE BARNEY,KR 14 A 7 B 44,5.714374089,-72.93328385,7712533,ACEVEDO ESCOBAR ALBA LUCIA,CENTRO EDUCATIVO,NO OFICIAL,MIXTO,URBANA,PREESCOLAR,"MAÑANA,COMPLETA",NO APLICA,,CONDICIONAL,-3,EDUCACIÓN TRADICIONAL,,,INGLÉS,1,ANTIGUO-ACTIVO,PERSONA NATURAL,PERSONA NATURAL,NO APLICA,NO,A,,,alae47@hotmail.com
SOGAMOSO,15759,SOGAMOSO,415759002305,LICEO CAMPESTRE EL MUNDO QUE SOÑE S.A.S,CALLE 27 SUR # 11-128,5.716516685,-72.9311379,7714366 - 3112875772,JOSE RAFAEL NIÑO MARIÑO,CENTRO EDUCATIVO,NO OFICIAL,MIXTO,RURAL,"PREESCOLAR,BÁSICA PRIMARIA","MAÑANA,TARDE",NO APLICA,,CONDICIONAL,"-2,-1,0,1,2,3,4,5",EDUCACIÓN TRADICIONAL,,,,1,ANTIGUO-ACTIVO,PERSONA NATURAL,PERSONA NATURAL,NO APLICA,NO,A,,,jrafaelnm@hotmail.com
SOGAMOSO,15759,SOGAMOSO,315759002009,JARDIN INFANTIL RAYITO DE SOL,KM 3 VIA  IZA,5.716774858,-72.91667616,7700099-7701657,MARIA ADELA GONZALEZ,CENTRO EDUCATIVO,NO OFICIAL,MIXTO,RURAL,PREESCOLAR,MAÑANA,NO APLICA,,CONDICIONAL,-1,EDUCACIÓN TRADICIONAL,,,FRANCES,1,ANTIGUO-ACTIVO,PERSONA NATURAL,PERSONA NATURAL,NO APLICA,NO,A,,,
SOGAMOSO,15759,SOGAMOSO,315759002114,CARITAS FELICES HIGH SCHOOL,CL 1 A SUR 18 72,5.70852068,-72.94231463,3112603831,PEDRO PABLO CHAPARRO,CENTRO EDUCATIVO,NO OFICIAL,MIXTO,URBANA,"PREESCOLAR,BÁSICA PRIMARIA",MAÑANA,NO APLICA,,SIN REVISAR,"-2,-1,0,1",EDUCACIÓN TRADICIONAL,,,,1,ANTIGUO-ACTIVO,PERSONA NATURAL,PERSONA NATURAL,NO APLICA,NO,A,,,col.caritasfelices@gmail.com
SOGAMOSO,15759,SOGAMOSO,315759002084,EL TALLER DE WINNIE POO,KR 9 A 26 51,5.727116277,-72.91983898,3163525832,SANDOVAL REYES CLARA INES,CENTRO EDUCATIVO,NO OFICIAL,MIXTO,URBANA,PREESCOLAR,COMPLETA,NO APLICA,,CONDICIONAL,-3,EDUCACIÓN TRADICIONAL,,,,1,ANTIGUO-ACTIVO,PERSONA NATURAL,PERSONA NATURAL,NO APLICA,NO,A,,,claraisando@hotmail.com
SOGAMOSO,15759,SOGAMOSO,315759001312,COLEGIO LA RANA RENE,CL 16 9 A 42,5.718583976,-72.9238786,7701663,MARIA AMPARO SALAZAR MEJIA,CENTRO EDUCATIVO,NO OFICIAL,MIXTO,URBANA,"PREESCOLAR,BÁSICA PRIMARIA","MAÑANA,COMPLETA",NO APLICA,,SIN REVISAR,"-2,-1,0,1,2,3,4,5",EDUCACIÓN TRADICIONAL,,,,1,ANTIGUO-ACTIVO,PERSONA NATURAL,PERSONA NATURAL,NO APLICA,NO,A,,,colrana30@hotmail.com
SOGAMOSO,15759,SOGAMOSO,315759002548,INSTITUTO POLITECNICO JOSE CELESTINO MUTIS,CALLE 13 Nº 10-86 SEGUNDO PISO,5.716401302,-72.92742941,7703809-7706881,RAFAEL DARIO LEAL MEDINA,CENTRO EDUCATIVO,NO OFICIAL,MIXTO,URBANA,"MEDIA,BÁSICA SECUNDARIA,BÁSICA PRIMARIA","NOCTURNA,FIN DE SEMANA",ACADÉMICO,"NO APLICA,ACADÉMICA",SIN REVISAR,"21,22,23,24,25,26",PROGRAMA PARA JÓVENES EN EXTRAEDAD Y ADULTOS,,,,1,ANTIGUO-ACTIVO,PERSONA NATURAL,PERSONA NATURAL,NO APLICA,NO,A,,,rafaeldariolealmedina@hotmail.com
SOGAMOSO,15759,SOGAMOSO,315759002157,LICEO COLOMBO ANDINO,CL 15 15 105,5.720742171,-72.92927719,7702087,SANABRIA  PATIÑO ANA VICTORIA,CENTRO EDUCATIVO,NO OFICIAL,MIXTO,URBANA,"PREESCOLAR,BÁSICA PRIMARIA","MAÑANA,COMPLETA",NO APLICA,,SIN REVISAR,"-2,-1,0,1,2,3,4,5",EDUCACIÓN TRADICIONAL,,,,1,ANTIGUO-ACTIVO,PERSONA NATURAL,PERSONA NATURAL,NO APLICA,NO,A,,,liceocolomboandino@hotmail.com
SOGAMOSO,15759,SOGAMOSO,315759002165,COLEGIO CELESTIN FREINET,KR 14 15 A 41,5.719746773,-72.92994858,7716604,LOPEZ PARRA LUZ MARINA,CENTRO EDUCATIVO,NO OFICIAL,MIXTO,URBANA,"PREESCOLAR,BÁSICA PRIMARIA","MAÑANA,COMPLETA",NO APLICA,,SIN REVISAR,"-2,-1,0,1,2,3,4,5",EDUCACIÓN TRADICIONAL,,,,1,ANTIGUO-ACTIVO,PERSONA NATURAL,PERSONA NATURAL,NO APLICA,NO,A,,,celestinfreinet_2010@hotmail.com
SOGAMOSO,15759,SOGAMOSO,315759002017,LICEO EL CASTILLO DEL SABER,CRRA 11 A N 41-36,5.740493168,-72.9149245,7706268,GRACIELA GUIO CASTILLO,CENTRO EDUCATIVO,NO OFICIAL,MIXTO,URBANA,PREESCOLAR,MAÑANA,NO APLICA,,SIN REVISAR,-3,EDUCACIÓN TRADICIONAL,,,,1,NUEVO-ACTIVO,PERSONA NATURAL,PERSONA NATURAL,NO APLICA,NO,A,,,
SOGAMOSO,15759,SOGAMOSO,315759001835,JARDIN INFANTIL MANITAS CREATIVAS,KR 14 13 A 15,5.719474969,-72.93025072,3133350317,MARTHA CECILIA PUERTO,CENTRO EDUCATIVO,NO OFICIAL,MIXTO,URBANA,PREESCOLAR,"MAÑANA,COMPLETA,TARDE",NO APLICA,,SIN REVISAR,-3,EDUCACIÓN TRADICIONAL,,,,1,ANTIGUO-ACTIVO,PERSONA NATURAL,PERSONA NATURAL,NO APLICA,NO,A,,,esperanzaprofe1@hotmail.com
SOGAMOSO,15759,SOGAMOSO,315759001932,COLEGIO SANTA CATALINA,CRA 17 NO 3 - 32,5.710533981,-72.9380581,7714281,LOPEZ BAYONA MARIA ROSA,CENTRO EDUCATIVO,NO OFICIAL,MIXTO,URBANA,"PREESCOLAR,BÁSICA PRIMARIA","MAÑANA,COMPLETA",NO APLICA,,SIN REVISAR,"-2,-1,0,1,2,3,4,5",EDUCACIÓN TRADICIONAL,,"DISCAPACIDAD INTELECTUAL,DISCAPACIDAD VISUAL BAJA VISIÓN IRREVERSIBLE,PARALISIS CEREBRAL,SORDERA PROFUNDA,DISCAPACIDAD MÚLTIPLE,SÍNDROME DE DOWN,DISCAPACIDAD VISUAL CEGUERA,HIPOACUSIA O BAJA AUDICIÓN",,1,ANTIGUO-ACTIVO,PERSONA NATURAL,PERSONA NATURAL,NO APLICA,NO,A,,,universoinfantil@latinmail.com
SOGAMOSO,15759,SOGAMOSO,315759002262,COLEGIO SAN PABLO APOSTOL,KR 16 13 A 45,5.719634768,-72.93092505,724348,GLORIA LIZARAZO RONDON,CENTRO EDUCATIVO,NO OFICIAL,MIXTO,URBANA,"PREESCOLAR,BÁSICA PRIMARIA","MAÑANA,TARDE",NO APLICA,,SIN REVISAR,"-2,-1,0,1,2,3,4",EDUCACIÓN TRADICIONAL,,,,1,ANTIGUO-ACTIVO,PERSONA NATURAL,PERSONA NATURAL,NO APLICA,NO,A,,,colegiosanpabloapostol@hotmail.com
SOGAMOSO,15759,SOGAMOSO,315759001827,COLEGIO DE EDUCACIÓN BÁSICA BADEN POWELL,CL 13 A 16 38,5.719998668,-72.93064465,7702328,SONIA LUCÍA ACOSTA GALEANO,CENTRO EDUCATIVO,NO OFICIAL,MIXTO,URBANA,,,NO APLICA,,SIN REVISAR,,,,,,1,CIERRE DEFINITIVO,PERSONA NATURAL,PERSONA NATURAL,NO APLICA,NO,A,,,badenpowell@latinmail.com
SOGAMOSO,15759,SOGAMOSO,315759002530,COLEGIO DE EDUCACION FORMAL FLEXIBLE SAN MATEO,KR 11 12 29,5.715936476,-72.92788518,7734967,ANDERSON DE JESUS SALCEDO VALLE,CENTRO EDUCATIVO,NO OFICIAL,MIXTO,URBANA,"MEDIA,BÁSICA SECUNDARIA,BÁSICA PRIMARIA","MAÑANA,FIN DE SEMANA",ACADÉMICO,"NO APLICA,ACADÉMICA",CONDICIONAL,"22,23,24,25,26",PROGRAMA PARA JÓVENES EN EXTRAEDAD Y ADULTOS,,,,1,ANTIGUO-ACTIVO,PERSONA NATURAL,PERSONA NATURAL,NO APLICA,NO,OTRO,,,colegiosanmateosogboy@hotmail.com
SOGAMOSO,15759,SOGAMOSO,315759000898,COLEGIO COOPERATIVO DE TRABAJADORES DE ACERIAS PAZ DEL RIO,TV 8 2 105,5.71688051,-72.91677429,7706878,PEDRO PABLO CHAPARRO,INSTITUCION EDUCATIVA,NO OFICIAL,MIXTO,URBANA,,,ACADÉMICO,ACADÉMICA,SIN REVISAR,,,,,,1,CIERRE DEFINITIVO,PERSONA NATURAL,PERSONA NATURAL,NO APLICA,NO,A,,,
SOGAMOSO,15759,SOGAMOSO,315759002122,COLEGIO  BASICO  PESTALOZZI,CL 6 8 96,5.708635258,-72.9300768,7728788,SENAIDA ZAMBRANO PATIÑO,CENTRO EDUCATIVO,NO OFICIAL,MIXTO,URBANA,"PREESCOLAR,BÁSICA PRIMARIA","MAÑANA,TARDE",NO APLICA,,SIN REVISAR,"-2,-1,0,1,2,3,4,5",EDUCACIÓN TRADICIONAL,,,,1,ANTIGUO-ACTIVO,PERSONA NATURAL,PERSONA NATURAL,NO APLICA,NO,A,,,senaidazambrano10@hotmail.comcom
SOGAMOSO,15759,SOGAMOSO,315759002637,INSTITUCION EDUCATIVA COLEGIO EMPRESARIAL DE BOYACA,KR 9 14 109,5.716632154,-72.92435427,7726842,DORA ROCIO CARVAJAL REYES,CENTRO EDUCATIVO,NO OFICIAL,MIXTO,URBANA,"MEDIA,BÁSICA SECUNDARIA,BÁSICA PRIMARIA","NOCTURNA,TARDE,FIN DE SEMANA",ACADÉMICO,ACADÉMICA,CONDICIONAL,"21,22,23,24,25,26",PROGRAMA PARA JÓVENES EN EXTRAEDAD Y ADULTOS,,,,1,NUEVO-ACTIVO,PERSONA NATURAL,PERSONA NATURAL,NO APLICA,NO,A,,,r.carvajal@corpoune.edu.co
SOGAMOSO,15759,SOGAMOSO,315759002688,GIMNASIO MODERNO MONTESSORI,KR 10 A 27 26,5.728421472,-72.92027502,3112202376,NADIA TIBAVIJA MORENO,CENTRO EDUCATIVO,NO OFICIAL,MIXTO,URBANA,"PREESCOLAR,BÁSICA PRIMARIA",ÚNICA,,,REVISADA ACEPTADA,"-2,-1,0,1,2,3,4,5",EDUCACIÓN TRADICIONAL,,,,1,NUEVO-ACTIVO,PERSONA NATURAL,PERSONA NATURAL,NO APLICA,NO,A,,ESTRATO 3,licnatis@hotmail.com
SOGAMOSO,15759,SOGAMOSO,315759000227,COLEGIO CIUDAD DEL SOL,CL 10 A 14 A 04,5.715408077,-72.93163362,7703879,MARIA OFELIA ALVAREZ GOMEZ,INSTITUCION EDUCATIVA,NO OFICIAL,MIXTO,URBANA,"MEDIA,BÁSICA SECUNDARIA,BÁSICA PRIMARIA","MAÑANA,NOCTURNA,TARDE,FIN DE SEMANA",ACADÉMICO,ACADÉMICA,CONDICIONAL,"1,2,3,4,5,6,7,8,9,10,11,21,23,25",EDUCACIÓN TRADICIONAL,,,,1,ANTIGUO-ACTIVO,PERSONA NATURAL,PERSONA NATURAL,NO APLICA,NO,A,,,colegio.ciudad1971@gmail.com
SOGAMOSO,15759,SOGAMOSO,315759000235,LICEO  LA PRESENTACION SOGAMOSO,KR 24 4 58,5.719042672,-72.9395699,7750699,CESAR FABIO CABRA NARANJO,INSTITUCION EDUCATIVA,NO OFICIAL,MIXTO,URBANA,"PREESCOLAR,MEDIA,BÁSICA SECUNDARIA,BÁSICA PRIMARIA","MAÑANA,COMPLETA",ACADÉMICO,"NO APLICA,ACADÉMICA",CONDICIONAL,"-1,0,1,2,3,4,5,6,7,8,9,10,11",EDUCACIÓN TRADICIONAL,,,,1,ANTIGUO-ACTIVO,PERSONA NATURAL,PERSONA NATURAL,NO APLICA,NO,A,,,rectoria@presentacionsogamoso.edu.co
SOGAMOSO,15759,SOGAMOSO,315759002611,LICEO PELDAÑOS,KR 9 18 12,5.71980808,-72.92262766,3107999325,ELIZABETH MARTINEZ LIZARAZO,CENTRO EDUCATIVO,NO OFICIAL,MIXTO,URBANA,"PREESCOLAR,BÁSICA PRIMARIA,PRIMERA INFANCIA",COMPLETA,NO APLICA,,CONDICIONAL,"-3,-2,-1,0,1,2,3,4,5","ENTORNO INSTITUCIONAL,EDUCACIÓN TRADICIONAL",,,,1,NUEVO-ACTIVO,PERSONA NATURAL,PERSONA NATURAL,NO APLICA,NO,A,,,liceopeldanos0529@gmail.com
SOGAMOSO,15759,SOGAMOSO,315759000243,COLEGIO COMERCIAL ADVENTISTA DE SOGAMOSO CADES,KR 15 16 30,5.721328674,-72.92831918,7711217,ALEXANDER CASTRO YARA,INSTITUCION EDUCATIVA,NO OFICIAL,MIXTO,URBANA,"PREESCOLAR,MEDIA,BÁSICA SECUNDARIA,BÁSICA PRIMARIA","MAÑANA,COMPLETA",TÉCNICO/ACADEMICO,"OTRO,INDUSTRIAL,COMERCIAL,ACADÉMICA",CONDICIONAL,"-2,-1,0,1,2,3,4,5,6,7,8,9,10,11",EDUCACIÓN TRADICIONAL,,"LESIÓN NEUROMUSCULAR,PARALISIS CEREBRAL,SORDERA PROFUNDA,HIPOACUSIA O BAJA AUDICIÓN",,1,ANTIGUO-ACTIVO,PERSONA NATURAL,PERSONA NATURAL,NO APLICA,NO,A,,,colegiocades@hotmail.com
SOGAMOSO,15759,SOGAMOSO,315759001258,LICEO SAN FERNANDO,CL 15 13 39,5.719814479,-72.9283044,7705569,DIANA MARIA MENDOZA,CENTRO EDUCATIVO,NO OFICIAL,MIXTO,URBANA,"PREESCOLAR,BÁSICA PRIMARIA","MAÑANA,COMPLETA",NO APLICA,,CONDICIONAL,"-2,-1,0,1,2,3,4,5",EDUCACIÓN TRADICIONAL,,,,1,ANTIGUO-ACTIVO,PERSONA NATURAL,PERSONA NATURAL,NO APLICA,NO,A,,,colsanfernandosog@gmail.com
SOGAMOSO,15759,SOGAMOSO,315759002386,GIMNASIO  MODERNO,AV SAN MARTIN 19 05,5.722947772,-72.92855628,3112844674,BLANCA CECILIA PRIETO PARRA,CENTRO EDUCATIVO,NO OFICIAL,MIXTO,URBANA,"PREESCOLAR,BÁSICA PRIMARIA","MAÑANA,TARDE",NO APLICA,,CONDICIONAL,"-2,-1,0,1,2,3,4,5",EDUCACIÓN TRADICIONAL,,,,1,ANTIGUO-ACTIVO,PERSONA NATURAL,PERSONA NATURAL,NO APLICA,NO,A,,,prietoblancac@gmail.com
SOGAMOSO,15759,SOGAMOSO,315759001720,JARDIN INFANTIL PEQUEÑOS GIGANTES,CALLE 7 # 24 - 72,5.717756882,-72.94136148,7705310,NAVARRETE SEPULVEDA ANDREA PATRICIA,CENTRO EDUCATIVO,NO OFICIAL,MIXTO,URBANA,,,NO APLICA,,SIN REVISAR,,,,,,1,CIERRE DEFINITIVO,PERSONA NATURAL,PERSONA NATURAL,NO APLICA,NO,A,,,marburi@msn.com
SOGAMOSO,15759,SOGAMOSO,315759002696,COLEGIO ECOLOGICO DEL NORTE,CL 43 10 A 10,5.738007866,-72.91023069,3208589949,ANA YISSEL DIAZ RODRIGUEZ,CENTRO EDUCATIVO,NO OFICIAL,MIXTO,URBANA,PREESCOLAR,MAÑANA,,,REVISADA ACEPTADA,-3,"PREESCOLAR ESCOLARIZADO_,EDUCACIÓN TRADICIONAL",,,,1,NUEVO-ACTIVO,PERSONA NATURAL,PERSONA NATURAL,NO APLICA,NO,A,,ESTRATO 2,colegioecologicodelnorte@hotmail.com
SOGAMOSO,15759,SOGAMOSO,315759002718,LICEO INFANTIL IRACA,KR 14 4 56,5.717848565,-72.92977579,3155453700,BLANCA CECILIA PEREZ MESA,INSTITUCION EDUCATIVA,NO OFICIAL,MIXTO,URBANA,PREESCOLAR,ÚNICA,,,DEFINITIVA,-3,EDUCACIÓN TRADICIONAL,,,,1,NUEVO-ACTIVO,PERSONA NATURAL,PERSONA NATURAL,NO APLICA,NO,A,,,Liceo_iraca@outlook.com
SOGAMOSO,15759,SOGAMOSO,415759800015,ANGLO SCHOOL DIVINO SALVADOR,VEREDA VANEGAS  SECTOR APOSENTOS KILOMETRO 7 VIA A IZA,5.656896882,-72.96245346,3107810158,AIDA YOLIMA FUQUEN MARTINEZ,INSTITUCION EDUCATIVA,NO OFICIAL,MIXTO,RURAL,"PREESCOLAR,BÁSICA SECUNDARIA,BÁSICA PRIMARIA",ÚNICA,,,DEFINITIVA,"-2,-1,0,1,2,3,4,5,6,7,8,9",EDUCACIÓN TRADICIONAL,,,,1,NUEVO-ACTIVO,PERSONA NATURAL,PERSONA NATURAL,NO APLICA,NO,A,,,asdivino.salvador@gmail.com
SOGAMOSO,15759,SOGAMOSO,315759002653,COLEGIO UNICAB VIRTUAL,CL 13 A 16 60,5.720373875,-72.9305891,7752309 - 3158895275,IMELDA VERGARA GOMEZ,INSTITUCION EDUCATIVA,NO OFICIAL,MIXTO,URBANA,"PREESCOLAR,MEDIA,BÁSICA SECUNDARIA,BÁSICA PRIMARIA","MAÑANA,COMPLETA",ACADÉMICO,"NO APLICA,ACADÉMICA",CONDICIONAL,"0,1,2,3,4,5,6,7,8,9,10,11,21,22,23,24,25,26",MODALIDAD VIRTUAL ASISTIDA UCN,,,,1,NUEVO-ACTIVO,FUNDACION O CORPORACIONES,FUNDACION O CORPORACIONES,NO APLICA,NO,A,,,administracion@unicab.org
SOGAMOSO,15759,SOGAMOSO,315759002629,INSTITUTO DE EDUCACION FORMAL COMFABOY,KR 10 13 28,5.715887661,-72.92654354,3208514716,RONALD HARLEY CAMARGO CAMARGO,CENTRO EDUCATIVO,NO OFICIAL,MIXTO,URBANA,"PREESCOLAR,MEDIA,BÁSICA SECUNDARIA,BÁSICA PRIMARIA","COMPLETA,NOCTURNA",NO APLICA,,CONDICIONAL,"-2,-1,0,1,2,3,4,5,21,22,23,24,25,26","PROGRAMA PARA JÓVENES EN EXTRAEDAD Y ADULTOS,EDUCACIÓN TRADICIONAL",,,,1,NUEVO-ACTIVO,CAJA DE COMPENSACIÓN,CAJA DE COMPENSACIÓN,NO APLICA,NO,A,,,rcamargo@comfaboy.com.co
,,,,,,,,,,,,,,,,,,,,,,,,,,,,,,,,,
Fuente: https://www.datos.gov.co/Educaci-n/Establecimientos-Educativos-activos-del-sector-ofi/emd6-ef7x,,,,,,,,,,,,,,,,,,,,,,,,,,,,,,,,,