SECRETARÍA;CÓDIGO MUNICIPIO; MUNICIPIO;CÓDIGO; NOMBRE;  DIRECCIÓN;LAT;LONG; TELÉFONO; NOMBRE RECTOR; TIPO ESTABLECIMIENTO; SECTOR; GENERO; ZONA; NIVELES; JORNADAS; CARACTER; ESPECIALIDAD; LICENCIA; GRADOS; MODELOS EDUCATIVOS;  CAPACIDADES EXCEPCIONALES; DISCAPACIDADES; IDIOMAS; NÚMERO DE SEDES; ESTADO; PRESTADOR DE SERVICIO; PROPIEDAD DE LA PLANTA FISÍCA; RESGUARDO; MATRICULA CONTRATADA; CALENDARIO; INTERNADO; ESTRATO SOCIO-ECONOMICO; CORREO ELECTRÓNICO
SOGAMOSO;15759;SOGAMOSO;2,15759E+11;INSTITUCION EDUCATIVA INTEGRADA MARCO ANTONIO QUIJANO RICO;VEREDA EL HATILLO;5,6652576;-72,8885863;3138546441 - 3134026095;LEONOR TIBOCHA JULIAO;INSTITUCION EDUCATIVA;OFICIAL;MIXTO;RURAL;PREESCOLAR,MEDIA,BÁSICA SECUNDARIA,BÁSICA PRIMARIA;MAÑANA,ÚNICA,NOCTURNA,FIN DE SEMANA;TÉCNICO/ACADEMICO;OTRO,AGROPECUARIO,ACADÉMICA;SIN REVISAR;-1,0,1,2,3,4,5,6,7,8,9,10,11,21,22,23,24,25,26;TRANSFORMEMOS,PREESCOLAR ESCOLARIZADO_,MEDIA RURAL,PROGRAMA PARA JÓVENES EN EXTRAEDAD Y ADULTOS,ESCUELA NUEVA,TELESECUNDARIA,EDUCACIÓN TRADICIONAL,ACELERACIÓN DEL APRENDIZAJE,CAFAM;;;;7;ANTIGUO-ACTIVO;OFICIAL;OFICIAL;NO APLICA;SI;A;;;quijano-educacion@sogamoso-boyaca.gov.co
SOGAMOSO;15759;SOGAMOSO;2,15759E+11;INSTITUCION EDUCATIVA SILVESTRE ARENAS;CARRERA 11 # 18- 61 SUR;5,6893901;-72,9477640;3124126834;RAFAELA DEL CARMEN LEON BARRERA;INSTITUCION EDUCATIVA;OFICIAL;MIXTO;URBANA,RURAL;PREESCOLAR,MEDIA,BÁSICA SECUNDARIA,BÁSICA PRIMARIA;MAÑANA,ÚNICA,NOCTURNA,TARDE,FIN DE SEMANA;TÉCNICO/ACADEMICO;OTRO,ACADÉMICA;SIN REVISAR;0,1,2,3,4,5,6,7,8,9,10,11,20,21,22,23,24,25,26;PREESCOLAR ESCOLARIZADO_,TRANSFORMEMOS,POST PRIMARIA,PROGRAMA PARA JÓVENES EN EXTRAEDAD Y ADULTOS,ESCUELA NUEVA,EDUCACIÓN TRADICIONAL,SER;;;;3;ANTIGUO-ACTIVO;OFICIAL;OFICIAL;NO APLICA;SI;A;;;silvestrearenas-educacion@sogamoso-boyaca.gov.co
SOGAMOSO;15759;SOGAMOSO;1,15759E+11;INSTITUCION EDUCATIVA LOS LIBERTADORES;CALLE 12A  N. 26-34;5,7244706;-72,9373046;7715660;FABIO AUGUSTO PEREZ MEJIA;INSTITUCION EDUCATIVA;OFICIAL;MIXTO;URBANA,RURAL;PREESCOLAR,MEDIA,BÁSICA SECUNDARIA,BÁSICA PRIMARIA;MAÑANA,ÚNICA,NOCTURNA,TARDE,FIN DE SEMANA;TÉCNICO/ACADEMICO;OTRO,NO APLICA,INDUSTRIAL,ACADÉMICA;SIN REVISAR;-1,0,1,2,3,4,5,6,7,8,9,10,11,21,22,23,24,25,26;TRANSFORMEMOS,PROGRAMA PARA JÓVENES EN EXTRAEDAD Y ADULTOS,FLEXIBLE ESCUELA INTEGRAL,A CRECER,ESCUELA NUEVA,EDUCACIÓN TRADICIONAL,CIRCULOS DE APRENDIZAJE;;;;4;ANTIGUO-ACTIVO;OFICIAL;OFICIAL;NO APLICA;SI;A;;;libertadores-educacion@sogamoso-boyaca.gov.co
SOGAMOSO;15759;SOGAMOSO;2,15759E+11;INSTITUCION EDUCATIVA EL CRUCERO;VEREDA PRIMERA CHORRERA SECTOR EL CRUCERO;5,6197390;-72,9069150;3203020408;GIOVANNI MAURICIO VELANDIA CORONADO;INSTITUCION EDUCATIVA;OFICIAL;MIXTO;RURAL;PREESCOLAR,MEDIA,BÁSICA SECUNDARIA,BÁSICA PRIMARIA;MAÑANA,ÚNICA,NOCTURNA,TARDE,FIN DE SEMANA;TÉCNICO/ACADEMICO;OTRO,NO APLICA,INDUSTRIAL,AGROPECUARIO,ACADÉMICA;SIN REVISAR;0,1,2,3,4,5,6,7,8,9,10,11,21,22,23,24,25,26;PREESCOLAR ESCOLARIZADO_,TRANSFORMEMOS,POST PRIMARIA,MEDIA RURAL,PROGRAMA PARA JÓVENES EN EXTRAEDAD Y ADULTOS,FLEXIBLE ESCUELA INTEGRAL,ESCUELA NUEVA,EDUCACIÓN TRADICIONAL,TELESECUNDARIA;;;;6;ANTIGUO-ACTIVO;OFICIAL;OFICIAL;NO APLICA;NO;A;;;crucero-educacion@sogamoso-boyaca.gov.co
SOGAMOSO;15759;SOGAMOSO;1,15759E+11;INSTITUCION EDUCATIVA MAGDALENA;CL 5 A 25 A 35;5,7166989;-72,9437047;7718092;PEDRO NU¿EZ CALA;INSTITUCION EDUCATIVA;OFICIAL;MIXTO;URBANA;PREESCOLAR,MEDIA,BÁSICA SECUNDARIA,BÁSICA PRIMARIA;MAÑANA,ÚNICA,NOCTURNA,TARDE,FIN DE SEMANA;TÉCNICO/ACADEMICO;OTRO,INDUSTRIAL,ACADÉMICA;SIN REVISAR;0,1,2,3,4,5,6,7,8,9,10,11,20,21,22,23,24,25,26;TRANSFORMEMOS,PROGRAMA PARA JÓVENES EN EXTRAEDAD Y ADULTOS,EDUCACIÓN TRADICIONAL,SER;;;;1;ANTIGUO-ACTIVO;OFICIAL;OFICIAL;NO APLICA;NO;A;;;magdalena-educacion@sogamoso-boyaca.gov.co
SOGAMOSO;15759;SOGAMOSO;1,15759E+11;INSTITUCION EDUCATIVA POLITECNICO ALVARO GONZALEZ SANTANA;CL 3 SUR 16 47;5,7047263;-72,9431730;7701545 / 7715640;HNO. CAMILO ANDRES VARGAS CASTILLO;INSTITUCION EDUCATIVA;OFICIAL;MIXTO;URBANA;PREESCOLAR,MEDIA,BÁSICA SECUNDARIA,BÁSICA PRIMARIA;MAÑANA,NOCTURNA,TARDE,FIN DE SEMANA;TÉCNICO/ACADEMICO;OTRO,INDUSTRIAL,ACADÉMICA;SIN REVISAR;0,1,2,3,4,5,6,7,8,9,10,11,21,22,23,24,25,26;PREESCOLAR ESCOLARIZADO_,TRANSFORMEMOS,PROGRAMA PARA JÓVENES EN EXTRAEDAD Y ADULTOS,ESCUELA NUEVA,PREESCOLAR NO ESCOLARIZADO/SEMIESCOLARIZADO   ,EDUCACIÓN TRADICIONAL;;;;5;ANTIGUO-ACTIVO;OFICIAL;OFICIAL;NO APLICA;NO;A;;;politecnico-educacion@sogamoso-boyaca.gov.co
SOGAMOSO;15759;SOGAMOSO;1,15759E+11;INSTITUCION EDUCATIVA FRANCISCO DE PAULA SANTANDER;KR 11 18 10;5,7206717;-72,9245456;7750289 - 3105523468;JOSE TITO ROJAS RINCON;INSTITUCION EDUCATIVA;OFICIAL;MIXTO;URBANA;PREESCOLAR,MEDIA,BÁSICA SECUNDARIA,BÁSICA PRIMARIA;MAÑANA,NOCTURNA,TARDE,FIN DE SEMANA;TÉCNICO/ACADEMICO;OTRO,NO APLICA,INDUSTRIAL,ACADÉMICA;SIN REVISAR;0,1,2,3,4,5,6,7,8,9,10,11,21,22,23,24,25,26,31,32,99;CAMINAR EN SECUNDARIA,FLEXIBLE ESCUELA INTEGRAL,PROGRAMA PARA JÓVENES EN EXTRAEDAD Y ADULTOS,EDUCACIÓN TRADICIONAL,CIRCULOS DE APRENDIZAJE,ACELERACIÓN DEL APRENDIZAJE;;;;1;ANTIGUO-ACTIVO;OFICIAL;OFICIAL;NO APLICA;SI;A;;;santander-educacion@sogamoso-boyaca.gov.co
SOGAMOSO;15759;SOGAMOSO;1,15759E+11;INSTITUCION EDUCATIVA COLEGIO DE SUGAMUXI;AVENIDA DEL  CUSIANA;5,7032314;-72,9278083;7702655-7703161;GLADYS BARRERA MARTINEZ;INSTITUCION EDUCATIVA;OFICIAL;MIXTO;RURAL,URBANA;PREESCOLAR,MEDIA,BÁSICA SECUNDARIA,BÁSICA PRIMARIA;MAÑANA,NOCTURNA,TARDE,FIN DE SEMANA;TÉCNICO/ACADEMICO;OTRO,INDUSTRIAL,ACADÉMICA;SIN REVISAR;-2,-1,0,1,2,3,4,5,6,7,8,9,10,11,21,22,23,24,25,26;TRANSFORMEMOS,PROGRAMA PARA JÓVENES EN EXTRAEDAD Y ADULTOS,FLEXIBLE ESCUELA INTEGRAL,ESCUELA NUEVA,EDUCACIÓN TRADICIONAL;;;;4;ANTIGUO-ACTIVO;OFICIAL;OFICIAL;NO APLICA;SI;A;;;sugamuxi-educacion@sogamoso-boyaca.gov.co
SOGAMOSO;15759;SOGAMOSO;1,15759E+11;INSTITUCION EDUCATIVA INTEGRADO JOAQUIN GONZALEZ CAMARGO;CARRERA 10 NO. 21-52;5,7150464;-72,9360879;7702700-7701921;JORGE ALBERTO CRUZ RINCON;INSTITUCION EDUCATIVA;OFICIAL;MIXTO;URBANA,RURAL;PREESCOLAR,MEDIA,BÁSICA SECUNDARIA,BÁSICA PRIMARIA;MAÑANA,NOCTURNA,TARDE,FIN DE SEMANA;TÉCNICO/ACADEMICO;OTRO,NO APLICA,INDUSTRIAL,ACADÉMICA;SIN REVISAR;-2,-1,0,1,2,3,4,5,6,7,8,9,10,11,21,22,23,24,25,26;TRANSFORMEMOS,PREESCOLAR ESCOLARIZADO_,PROGRAMA PARA JÓVENES EN EXTRAEDAD Y ADULTOS,FLEXIBLE ESCUELA INTEGRAL,ESCUELA NUEVA,EDUCACIÓN TRADICIONAL,CIRCULOS DE APRENDIZAJE,CAFAM;;;;5;ANTIGUO-ACTIVO;OFICIAL;OFICIAL;NO APLICA;NO;A;;;integrado-educacion@sogamoso-boyaca.gov.co
SOGAMOSO;15759;SOGAMOSO;1,15759E+11;INSTITUCION EDUCATIVA EMPRESARIAL Y AGROINDUSTRIAL LOS ANDES;CALLE 4 N¿ 10 - 27;5,7090634;-72,9321067;7717796;PLUTARCO HUERFANO LEMUS;INSTITUCION EDUCATIVA;OFICIAL;MIXTO;URBANA,RURAL;PREESCOLAR,MEDIA,BÁSICA SECUNDARIA,BÁSICA PRIMARIA;MAÑANA,ÚNICA,NOCTURNA,TARDE,FIN DE SEMANA;TÉCNICO/ACADEMICO;NO APLICA,INDUSTRIAL,AGROPECUARIO,ACADÉMICA;SIN REVISAR;0,1,2,3,4,5,6,7,8,9,10,11,21,22,23,24,25,26,31,32;TRANSFORMEMOS,PROGRAMA PARA JÓVENES EN EXTRAEDAD Y ADULTOS,FLEXIBLE ESCUELA INTEGRAL,ESCUELA NUEVA,EDUCACIÓN TRADICIONAL,CIRCULOS DE APRENDIZAJE;;;;2;ANTIGUO-ACTIVO;OFICIAL;OFICIAL;NO APLICA;NO;A;;;inseandes-educacion@sogamoso-boyaca.gov.co
SOGAMOSO;15759;SOGAMOSO;2,15759E+11;INSTIUCION EDUCATIVA NUESTRA SEÑORA DE MORCA;MORCA CENTRO;5,7220752;-72,8916698;7725112-7725113;VIVIAN TOVAR GONZALEZ;INSTITUCION EDUCATIVA;OFICIAL;MIXTO;RURAL;PREESCOLAR,MEDIA,BÁSICA SECUNDARIA,BÁSICA PRIMARIA;MAÑANA,ÚNICA,NOCTURNA,TARDE,FIN DE SEMANA;TÉCNICO/ACADEMICO;OTRO,ACADÉMICA;SIN REVISAR;-2,-1,0,1,2,3,4,5,6,7,8,9,10,11,21,22,23,24,25,26;PREESCOLAR ESCOLARIZADO_,TRANSFORMEMOS,PROGRAMA PARA JÓVENES EN EXTRAEDAD Y ADULTOS,FLEXIBLE ESCUELA INTEGRAL,MEDIA RURAL,ESCUELA NUEVA,EDUCACIÓN TRADICIONAL;;;;3;ANTIGUO-ACTIVO;OFICIAL;OFICIAL;NO APLICA;SI;A;;;morca-educacion@sogamoso-boyaca.gov.co
SOGAMOSO;15759;SOGAMOSO;1,15759E+11;INSTITUCION EDUCATIVA TECNICO SAN MARTIN DE TOURS;CL 13 8 42;5,7163436;-72,9250107;770 4333;GLORIA CONSTANZA AGUIRRE;INSTITUCION EDUCATIVA;OFICIAL;MIXTO;URBANA;PREESCOLAR,MEDIA,BÁSICA SECUNDARIA,BÁSICA PRIMARIA;MAÑANA,NOCTURNA,TARDE,FIN DE SEMANA;TÉCNICO/ACADEMICO;OTRO,INDUSTRIAL,ACADÉMICA;SIN REVISAR;0,1,2,3,4,5,6,7,8,9,10,11,21,22,23,24,25,26;PROGRAMA PARA JÓVENES EN EXTRAEDAD Y ADULTOS,ESCUELA NUEVA,EDUCACIÓN TRADICIONAL;;DISCAPACIDAD INTELECTUAL,LESIÓN NEUROMUSCULAR,DISCAPACIDAD VISUAL BAJA VISIÓN IRREVERSIBLE,PARALISIS CEREBRAL,SORDERA PROFUNDA,DISCAPACIDAD FÍSICA,DISCAPACIDAD MÚLTIPLE,SÍNDROME DE DOWN,DISCAPACIDAD VISUAL CEGUERA,TRASTORNO DEL ESPECTRO AUTISTA,HIPOACUSIA O BAJA AUDICIÓN;;1;ANTIGUO-ACTIVO;OFICIAL;OFICIAL;NO APLICA;NO;A;;;
SOGAMOSO;15759;SOGAMOSO;1,15759E+11;INSTITUCION EDUCATIVA TECNICA BELLAS ARTES;CL 5 19 20;5,7145835;-72,9394330;7704206;JOSE PASTOR SUAREZ LOZANO;INSTITUCION EDUCATIVA;OFICIAL;MIXTO;URBANA;PREESCOLAR,MEDIA,BÁSICA SECUNDARIA,BÁSICA PRIMARIA;MAÑANA,NOCTURNA,TARDE,FIN DE SEMANA;TÉCNICO/ACADEMICO;OTRO,INDUSTRIAL,ACADÉMICA;SIN REVISAR;0,1,2,3,4,5,6,7,8,9,10,11,21,22,23,24,25,26;TRANSFORMEMOS,PROGRAMA PARA JÓVENES EN EXTRAEDAD Y ADULTOS,EDUCACIÓN TRADICIONAL,CAFAM;;;;2;ANTIGUO-ACTIVO;OFICIAL;OFICIAL;NO APLICA;NO;A;;;bellasartes-educacion@sogamoso-boyaca.gov.co
SOGAMOSO;15759;SOGAMOSO;2,15759E+11;INSTITUCION EDUCATIVA TECNICA INDUSTRIAL GUSTAVO JIMENEZ;KILOMETRO 5 VIA BELENCITO;5,7594304;-72,9053983;7706278;JORGE ELIECER GOMEZ PALACIOS;INSTITUCION EDUCATIVA;OFICIAL;MIXTO;URBANA,RURAL;PREESCOLAR,MEDIA,BÁSICA SECUNDARIA,BÁSICA PRIMARIA,PRIMERA INFANCIA;MAÑANA,ÚNICA,NOCTURNA,TARDE,FIN DE SEMANA;TÉCNICO/ACADEMICO;OTRO,INDUSTRIAL,ACADÉMICA;SIN REVISAR;-3,-2,-1,0,1,2,3,4,5,6,7,8,9,10,11,21,22,23,24,25,26;TRANSFORMEMOS,PREESCOLAR ESCOLARIZADO_,FLEXIBLE ESCUELA INTEGRAL,PROGRAMA PARA JÓVENES EN EXTRAEDAD Y ADULTOS,ESCUELA NUEVA,EDUCACIÓN TRADICIONAL,CIRCULOS DE APRENDIZAJE;;;;8;ANTIGUO-ACTIVO;OFICIAL;OFICIAL;NO APLICA;NO;A;;;gustavo-educacion@sogamoso-boyaca.gov.co
SOGAMOSO;15759;SOGAMOSO;2,15759E+11;INSTITUCION EDUCATIVA LA INDEPENDENCIA;VEREDA PEDREGAL;5,6546466;-72,9355874;313 854 6441 - 3143441727;JORGE FERNEY CUBIDES ANTOLÍNEZ;INSTITUCION EDUCATIVA;OFICIAL;MIXTO;RURAL;PREESCOLAR,MEDIA,BÁSICA SECUNDARIA,BÁSICA PRIMARIA;MAÑANA,ÚNICA,FIN DE SEMANA;TÉCNICO/ACADEMICO;OTRO,NO APLICA,AGROPECUARIO,ACADÉMICA;SIN REVISAR;0,1,2,3,4,5,6,7,8,9,10,11,21,22,23,24,25,26;MEDIA RURAL,PROGRAMA PARA JÓVENES EN EXTRAEDAD Y ADULTOS,ESCUELA NUEVA,EDUCACIÓN TRADICIONAL,TELESECUNDARIA;;;;3;ANTIGUO-ACTIVO;OFICIAL;OFICIAL;NO APLICA;NO;A;;;independencia-educacion@sogamoso-boyaca.gov.co
SOGAMOSO;15759;SOGAMOSO;2,15759E+11;INSTITUCION EDUCATIVA RAFAEL GUTIERREZ GIRARDOT;KM 6 VIA SOGAMOSO AQUITANIA;5,6665283;-72,9295094;3138517654;LENIN VARGAS CEBALLOS;INSTITUCION EDUCATIVA;OFICIAL;MIXTO;RURAL;PREESCOLAR,MEDIA,BÁSICA SECUNDARIA,BÁSICA PRIMARIA;MAÑANA,ÚNICA,NOCTURNA,FIN DE SEMANA;TÉCNICO;OTRO;SIN REVISAR;0,1,2,3,4,5,6,7,8,9,10,11,21,22,23,24,25,26;TRANSFORMEMOS,MEDIA RURAL,PROGRAMA PARA JÓVENES EN EXTRAEDAD Y ADULTOS,FLEXIBLE ESCUELA INTEGRAL,ESCUELA NUEVA,EDUCACIÓN TRADICIONAL,CAFAM;;;;3;ANTIGUO-ACTIVO;OFICIAL;OFICIAL;NO APLICA;SI;A;;;rafaelgutierrez-educacion@sogamoso-boyaca.gov.co
SOGAMOSO;15759;SOGAMOSO;3,15759E+11;COLEGIO ACUARELA CAMPESTRE;CL 29 A 9 A 59;;;7720732;LOPEZ BARRERA LINA XIMENA;CENTRO EDUCATIVO;NO OFICIAL;MIXTO;URBANA;PREESCOLAR,BÁSICA PRIMARIA;MAÑANA,COMPLETA;NO APLICA;;CONDICIONAL;-2,-1,0,1,2,3,4,5;EDUCACIÓN TRADICIONAL;;;;1;ANTIGUO-ACTIVO;PERSONA NATURAL;PERSONA NATURAL;NO APLICA;NO;A;;;
SOGAMOSO;15759;SOGAMOSO;3,15759E+11;JARDIN INFANTIL KINDER MARTICA;CRA. 10 NO 28 - 42;;;7703462;PINTO DE GOMEZ MARTHA MARIA;CENTRO EDUCATIVO;NO OFICIAL;MIXTO;URBANA;PREESCOLAR;TARDE;NO APLICA;;SIN REVISAR;-3;EDUCACIÓN TRADICIONAL;;;;1;ANTIGUO-ACTIVO;PERSONA NATURAL;PERSONA NATURAL;NO APLICA;NO;A;;;
SOGAMOSO;15759;SOGAMOSO;3,15759E+11;LICEO ANGLO AMERICANO;KR 17 22 49;;;7703164;VIVIANA GUTIERREZ CARDENAS;INSTITUCION EDUCATIVA;NO OFICIAL;MIXTO;URBANA;PREESCOLAR,MEDIA,BÁSICA SECUNDARIA,BÁSICA PRIMARIA;MAÑANA,ÚNICA,NOCTURNA,TARDE,FIN DE SEMANA;ACADÉMICO;ACADÉMICA;CONDICIONAL;-2,-1,0,1,2,3,4,5,6,7,8,9,10,11,23,24,25,26;PROGRAMA PARA JÓVENES EN EXTRAEDAD Y ADULTOS,EDUCACIÓN TRADICIONAL;;;INGLÉS;1;ANTIGUO-ACTIVO;PERSONA NATURAL;PERSONA NATURAL;NO APLICA;NO;A;;ESTRATO 3;liceoangloamericanosogamoso@gmail.com
SOGAMOSO;15759;SOGAMOSO;3,15759E+11;COLEGIO SUAMOX;KR 9 10 69;;;7750603;OLGA MIRIAM BOTIA RODRIGUEZ;INSTITUCION EDUCATIVA;NO OFICIAL;MIXTO;URBANA;PREESCOLAR,MEDIA,BÁSICA SECUNDARIA,BÁSICA PRIMARIA;MAÑANA,NOCTURNA,TARDE;TÉCNICO;OTRO,COMERCIAL;CONDICIONAL;-2,-1,0,1,2,3,4,5,6,7,8,9,10,11,23,24,25;EDUCACIÓN TRADICIONAL;;;;1;ANTIGUO-ACTIVO;PERSONA NATURAL;PERSONA NATURAL;NO APLICA;NO;A;;;suamoxco@yahoo.es
SOGAMOSO;15759;SOGAMOSO;3,15759E+11;COLEGIO ALEJANDRO DE HUMBOLDT;CL 3 7 A 45;;;7700494;NIÑO ABRIL MARIA HELENA;INSTITUCION EDUCATIVA;NO OFICIAL;MIXTO;URBANA;PREESCOLAR,MEDIA,BÁSICA SECUNDARIA,BÁSICA PRIMARIA;MAÑANA,COMPLETA;ACADÉMICO;NO APLICA,ACADÉMICA;SIN REVISAR;-2,-1,0,1,2,3,4,5,6,7,8,9,10,11;EDUCACIÓN TRADICIONAL;;DISCAPACIDAD VISUAL BAJA VISIÓN IRREVERSIBLE,DISCAPACIDAD VISUAL CEGUERA;;1;ANTIGUO-ACTIVO;PERSONA NATURAL;PERSONA NATURAL;NO APLICA;NO;A;;;colhumboldt@yahoo.com
SOGAMOSO;15759;SOGAMOSO;3,15759E+11;LICEO INFANTIL SAN MIGUEL ARCANGEL;CLLE 5  1-63;;;3107552643;BLANCA CECILIA PEREZ MESA;CENTRO EDUCATIVO;NO OFICIAL;MIXTO;URBANA;PREESCOLAR;MAÑANA;NO APLICA;;SIN REVISAR;-3;;;;;1;NUEVO-ACTIVO;PERSONA NATURAL;PERSONA NATURAL;NO APLICA;NO;A;;;makoreal@hotmail.com
SOGAMOSO;15759;SOGAMOSO;3,1576E+11;NIELS BOHR SCHOOL;IND KR 19 7 A 31;;;3123568150;YINETH OLIVA CONDIA BRIÑEZ;INSTITUCION EDUCATIVA;NO OFICIAL;MIXTO;URBANA;PREESCOLAR;ÚNICA;;;CONDICIONAL;-3;EDUCACIÓN TRADICIONAL;;;;1;NUEVO-ACTIVO;PERSONA NATURAL;PERSONA NATURAL;NO APLICA;NO;A;;;yiolcobri@yahoo.com
SOGAMOSO;15759;SOGAMOSO;3,1576E+11;JARDIN INFANTIL ECO DE SONRISAS;IND CRA 12 B N° 53 A-19;;;3125797331;ANGELA MARCELA GONZALEZ MEDINA;INSTITUCION EDUCATIVA;NO OFICIAL;MIXTO;URBANA;PREESCOLAR;ÚNICA;;;DEFINITIVA;-3;EDUCACIÓN TRADICIONAL;;;;1;NUEVO-ACTIVO;PERSONA NATURAL;PERSONA NATURAL;NO APLICA;NO;A;;;angelamar10@hotmail.com
SOGAMOSO;15759;SOGAMOSO;3,15759E+11;LICEO SAN NICOLAS DE TOLENTINO;KR 9 29 29;;;7702358;PATIÑO CÁCERES ROSALBA;CENTRO EDUCATIVO;NO OFICIAL;MIXTO;URBANA;PREESCOLAR,BÁSICA SECUNDARIA,BÁSICA PRIMARIA;MAÑANA,COMPLETA,TARDE;NO APLICA;;CONDICIONAL;-2,-1,0,1,2,3,4,5,6;ETNOEDUCACIÓN,EDUCACIÓN TRADICIONAL;;;;1;ANTIGUO-ACTIVO;PERSONA NATURAL;PERSONA NATURAL;NO APLICA;NO;A;NINGUNO;;
SOGAMOSO;15759;SOGAMOSO;3,15759E+11;LICEO SAN NICOLAS DE TOLENTINO;KR 9 29 29;;;3123781419 - 3222115697;ROSALBA PATIÑO CACERES;CENTRO EDUCATIVO;NO OFICIAL;MIXTO;URBANA;PREESCOLAR,MEDIA,BÁSICA SECUNDARIA,BÁSICA PRIMARIA;COMPLETA;;;CONDICIONAL;-2,-1,0,1,2,3,4,5,6,7,8,9,10,11;EDUCACIÓN TRADICIONAL;;;;1;NUEVO-ACTIVO;PERSONA NATURAL;PERSONA NATURAL;NO APLICA;NO;A;;ESTRATO 3;sannicolastolentino2015@gmail.com
SOGAMOSO;15759;SOGAMOSO;3,15759E+11;COLEGIO CELCO;CL 20 11 46;;;7703207;JOSE BENJAMIN OJEDA GUAJE;INSTITUCION EDUCATIVA;NO OFICIAL;MIXTO;URBANA;PREESCOLAR,MEDIA,BÁSICA SECUNDARIA,BÁSICA PRIMARIA;MAÑANA,COMPLETA;TÉCNICO/ACADEMICO;OTRO,NO APLICA,ACADÉMICA;CONDICIONAL;-2,-1,0,1,2,3,4,5,6,7,8,9,10,11;EDUCACIÓN TRADICIONAL;;;INGLÉS;1;ANTIGUO-ACTIVO;PERSONA NATURAL;PERSONA NATURAL;NO APLICA;NO;A;;;celcosogamoso01@gmail.com
SOGAMOSO;15759;SOGAMOSO;3,15759E+11;INSTITUTO SAN MARTIN;KR 14 08 36;;;7712268;GLORIA ESPERANZA VEGA SUAREZ;CENTRO EDUCATIVO;NO OFICIAL;MIXTO;URBANA;MEDIA,BÁSICA SECUNDARIA,BÁSICA PRIMARIA;MAÑANA,NOCTURNA,FIN DE SEMANA;TÉCNICO/ACADEMICO;OTRO,ACADÉMICA;SIN REVISAR;7,9,11,21,22,23,24,25,26;PROGRAMA PARA JÓVENES EN EXTRAEDAD Y ADULTOS,EDUCACIÓN TRADICIONAL;;;;1;ANTIGUO-ACTIVO;PERSONA NATURAL;PERSONA NATURAL;NO APLICA;NO;A;;;sanmartin12011@hotmail.com
SOGAMOSO;15759;SOGAMOSO;3,15759E+11;JARDIN INFANTIL LA CASITA DEL BEBE;CLLE 13A Nº 14-55;;;7707416;NIDIA ESTUPIÑAN DE RUIZ;CENTRO EDUCATIVO;NO OFICIAL;MIXTO;URBANA;;;NO APLICA;;SIN REVISAR;;;;;;1;CIERRE DEFINITIVO;PERSONA NATURAL;PERSONA NATURAL;NO APLICA;NO;A;;;
SOGAMOSO;15759;SOGAMOSO;3,15759E+11;FRIEDRICH FROBEL COUNTRY SCHOOL;CALLE 25 SUR Nº 12-54;;;3195600431 - 3003926208;ALEXI ADRIANA ALVAREZ MORA;CENTRO EDUCATIVO;NO OFICIAL;MIXTO;RURAL;PREESCOLAR,BÁSICA SECUNDARIA,BÁSICA PRIMARIA;MAÑANA,COMPLETA;NO APLICA;;DEFINITIVA;-2,-1,0,1,2,3,4,5,6,7,8,9;EDUCACIÓN TRADICIONAL;;;INGLÉS;1;ANTIGUO-ACTIVO;PERSONA NATURAL;PERSONA NATURAL;NO APLICA;NO;A;;;frobel0303@hotmail.com
SOGAMOSO;15759;SOGAMOSO;3,15759E+11;LICEO COOPERATIVO CAMPESTRE;KR 4 1 A 21;;;7706878-3123636886;MARTHA HELENA GAITÁN DE PÉREZ;INSTITUCION EDUCATIVA;NO OFICIAL;MIXTO;URBANA;PREESCOLAR,MEDIA,BÁSICA SECUNDARIA,BÁSICA PRIMARIA;COMPLETA;TÉCNICO/ACADEMICO;OTRO,ACADÉMICA;CONDICIONAL;-2,-1,0,1,2,3,4,5,6,7,8,9,10,11;EDUCACIÓN TRADICIONAL;;;;1;NUEVO-ACTIVO;PERSONA NATURAL;PERSONA NATURAL;NO APLICA;NO;A;;;liceoccampestre@gmail.com
SOGAMOSO;15759;SOGAMOSO;3,15759E+11;COLEGIO SUEÑOS INFANTILES;CARRERA 14 NO 8-36;;;703926;NORA INES PARRA PARRA;CENTRO EDUCATIVO;NO OFICIAL;MIXTO;URBANA;;;NO APLICA;;SIN REVISAR;;;;;;1;CIERRE DEFINITIVO;PERSONA NATURAL;PERSONA NATURAL;NO APLICA;NO;A;;;
SOGAMOSO;15759;SOGAMOSO;3,15759E+11;LICEO GABRIELA MISTRAL;CALLE 6 NO 18 - 80;;;7710350;MARLENY MESA PINEDA;CENTRO EDUCATIVO;NO OFICIAL;MIXTO;URBANA;PREESCOLAR,BÁSICA PRIMARIA;MAÑANA,TARDE;NO APLICA;;SIN REVISAR;-2,-1,0,1;EDUCACIÓN TRADICIONAL;;;;1;ANTIGUO-ACTIVO;PERSONA NATURAL;PERSONA NATURAL;NO APLICA;NO;A;;;liceogabrielamistral@hotmail.com
SOGAMOSO;15759;SOGAMOSO;3,15759E+11;COLEGIO  SANTO  DOMINGO;CALLE  11  N°  27-28;;;7713O88;CHAPARRO C. ZULY  ALEIDA;CENTRO EDUCATIVO;NO OFICIAL;MIXTO;URBANA;PREESCOLAR,BÁSICA PRIMARIA;MAÑANA;NO APLICA;;SIN REVISAR;-2,-1,0,1,2,3,4,5;EDUCACIÓN TRADICIONAL;;;;1;ANTIGUO-ACTIVO;PERSONA NATURAL;PERSONA NATURAL;NO APLICA;NO;A;;;
SOGAMOSO;15759;SOGAMOSO;3,15759E+11;COLEGIO DE EDUCACION BASICA JEAN PIAGET;CALLE 7 NO17-44;;;7710004;GARCIA MIRANDA CLAUDIA YANNETH;CENTRO EDUCATIVO;NO OFICIAL;MIXTO;URBANA;;;NO APLICA;;SIN REVISAR;;;;DISCAPACIDAD INTELECTUAL,SORDERA PROFUNDA,SÍNDROME DE DOWN,HIPOACUSIA O BAJA AUDICIÓN;;1;CIERRE DEFINITIVO;PERSONA NATURAL;PERSONA NATURAL;NO APLICA;NO;A;;;
SOGAMOSO;15759;SOGAMOSO;3,15759E+11;JARDIN INFANTIL LA CASITA DEL SABER;CALLE 16A NO 9A - 17;;;7702703;LARA GUSTAVO;CENTRO EDUCATIVO;NO OFICIAL;MIXTO;URBANA;;;NO APLICA;;SIN REVISAR;;;;;;1;CIERRE DEFINITIVO;PERSONA NATURAL;PERSONA NATURAL;NO APLICA;NO;A;;;casita_delsaber@yahoo.es
SOGAMOSO;15759;SOGAMOSO;3,15759E+11;COLEGIO CRUZADA SOCIAL;KRA 11 NO-23-59;;;7703544;ANGARITA MONROY PAULA JIMENA;CENTRO EDUCATIVO;NO OFICIAL;MIXTO;URBANA;;;NO APLICA;;SIN REVISAR;;;;;;1;ANTIGUO-ACTIVO;PERSONA NATURAL;PERSONA NATURAL;NO APLICA;NO;A;;;0
SOGAMOSO;15759;SOGAMOSO;3,15759E+11;LICEO DE APRESTAMIENTO ESCOLAR INFANTIL AEI;CARRERA 11 42-51;;;7701180;CASTILLO ALVAREZ FLOR NAYIBE;CENTRO EDUCATIVO;NO OFICIAL;MIXTO;URBANA;PREESCOLAR,BÁSICA PRIMARIA;MAÑANA;NO APLICA;;SIN REVISAR;-2,-1,0,1,2;EDUCACIÓN TRADICIONAL;;;;1;ANTIGUO-ACTIVO;PERSONA NATURAL;PERSONA NATURAL;NO APLICA;NO;A;;;0
SOGAMOSO;15759;SOGAMOSO;3,15759E+11;JARDIN INFANTIL BILINGUE  CRESER;CALLE 2A SUR  # 11-64;;;7710326;VICTOR JULIO MARINO PINEDA;CENTRO EDUCATIVO;NO OFICIAL;MIXTO;URBANA;;;ACADÉMICO;NO APLICA;SIN REVISAR;;;;;;1;NUEVO-ACTIVO;PERSONA NATURAL;PERSONA NATURAL;NO APLICA;NO;A;;;
SOGAMOSO;15759;SOGAMOSO;3,15759E+11;INSTITUCION EDUCATIVA ANTONIO NARIÑO;CL 16 11 A 62;;;7702767;EDISON CARDENAS;CENTRO EDUCATIVO;NO OFICIAL;MIXTO;URBANA;MEDIA,BÁSICA SECUNDARIA;NOCTURNA,TARDE,FIN DE SEMANA;ACADÉMICO;NO APLICA,ACADÉMICA;SIN REVISAR;23,24,25,26;PROGRAMA PARA JÓVENES EN EXTRAEDAD Y ADULTOS;;;;1;ANTIGUO-ACTIVO;PERSONA NATURAL;PERSONA NATURAL;NO APLICA;NO;A;;;ifescolempresarial@hotmail.com
SOGAMOSO;15759;SOGAMOSO;3,15759E+11;COLEGIO COOPERATIVO GABRIEL CAMARO PEREZ;CL 35 10 A 140;;;7728497;JAVIER MAURICIO LAVERDE GUERRERO;INSTITUCION EDUCATIVA;NO OFICIAL;MIXTO;URBANA;PREESCOLAR,MEDIA,BÁSICA SECUNDARIA,BÁSICA PRIMARIA;MAÑANA;ACADÉMICO;ACADÉMICA;SIN REVISAR;0,1,2,3,4,5,6,7,8,9,10,11;EDUCACIÓN TRADICIONAL;;;INGLÉS;1;ANTIGUO-ACTIVO;PERSONA NATURAL;PERSONA NATURAL;NO APLICA;NO;A;;;
SOGAMOSO;15759;SOGAMOSO;3,15759E+11;COLEGIO PSICOPEDAGÓGICO DE SOGAMOSO;KR 21 9 71;;;7720872;LINA BIBIANA GONZALEZ;CENTRO EDUCATIVO;NO OFICIAL;MIXTO;URBANA;PREESCOLAR,BÁSICA SECUNDARIA,MEDIA,BÁSICA PRIMARIA;MAÑANA,COMPLETA,FIN DE SEMANA;NO APLICA;;CONDICIONAL;-2,-1,0,1,2,3,4,5,10,23,24,25,26;PROGRAMA PARA JÓVENES EN EXTRAEDAD Y ADULTOS,EDUCACIÓN TRADICIONAL;;;;1;ANTIGUO-ACTIVO;PERSONA NATURAL;PERSONA NATURAL;NO APLICA;NO;A;;;colpsicosog@gmail.com
SOGAMOSO;15759;SOGAMOSO;3,15759E+11;COLEGIO PEDAGOGICO DE COLOMBIA;CALLE 28 10 A -36;;;722788;GLADYS CARRILLO MORA;INSTITUCION EDUCATIVA;NO OFICIAL;MIXTO;URBANA;MEDIA,BÁSICA SECUNDARIA;FIN DE SEMANA;ACADÉMICO;NO APLICA,ACADÉMICA;SIN REVISAR;6,7,8,9,10,11,23,24,25,26;PROGRAMA PARA JÓVENES EN EXTRAEDAD Y ADULTOS,EDUCACIÓN TRADICIONAL;;;;1;ANTIGUO-ACTIVO;PERSONA NATURAL;PERSONA NATURAL;NO APLICA;NO;A;;;
SOGAMOSO;15759;SOGAMOSO;3,15759E+11;JARDÍN INFANTIL PEDAGÓGICO;KR 11 20 33;;;7704186 -3134979650;FLORANGELA MOLANO GUTIÉRREZ;CENTRO EDUCATIVO;NO OFICIAL;MIXTO;URBANA;PREESCOLAR,BÁSICA PRIMARIA;MAÑANA,TARDE;NO APLICA;;SIN REVISAR;-2,0,1,2,3,4,5;EDUCACIÓN TRADICIONAL;;;;1;ANTIGUO-ACTIVO;PERSONA NATURAL;PERSONA NATURAL;NO APLICA;NO;A;;;jip_sogamoso@hotmail.com
SOGAMOSO;15759;SOGAMOSO;3,15759E+11;LICEO SANTO ÁNGEL;KR 8 20 A 56;;;3203052651;SONIA MILENA BARRERO ORTEGON;CENTRO EDUCATIVO;NO OFICIAL;MIXTO;URBANA;PREESCOLAR,BÁSICA PRIMARIA;COMPLETA;;;CONDICIONAL;-2,-1,0,1,2,3,4,5;EDUCACIÓN TRADICIONAL;;;;1;NUEVO-ACTIVO;PERSONA NATURAL;PERSONA NATURAL;NO APLICA;NO;A;;ESTRATO 4;liceosantoangel@hotmail.com
SOGAMOSO;15759;SOGAMOSO;3,15759E+11;COLEGIO IFESCOL BOYACÁ;CL 11 10 25;;;;CÁRDENAS AGUIRRE FREDDY HENRY;CENTRO EDUCATIVO;NO OFICIAL;MIXTO;URBANA;MEDIA,BÁSICA SECUNDARIA;TARDE,FIN DE SEMANA;NO APLICA;;SIN REVISAR;23,24,25,26;PROGRAMA PARA JÓVENES EN EXTRAEDAD Y ADULTOS;;;;1;ANTIGUO-ACTIVO;PERSONA NATURAL;PERSONA NATURAL;NO APLICA;NO;A;;;ifescol@hotmail.com
SOGAMOSO;15759;SOGAMOSO;3,15759E+11;COLEGIO NUESTRA SEÑORA DEL ROSARIO;KR 9 17 42;;;7702911;SOR MARIA FLOR SILVA GIL;INSTITUCION EDUCATIVA;NO OFICIAL;MIXTO;URBANA;PREESCOLAR,MEDIA,BÁSICA SECUNDARIA,BÁSICA PRIMARIA;COMPLETA;ACADÉMICO;NO APLICA,ACADÉMICA;SIN REVISAR;-2,-1,0,1,2,3,4,5,6,7,8,9,10,11;EDUCACIÓN TRADICIONAL;;;;1;ANTIGUO-ACTIVO;PERSONA NATURAL;PERSONA NATURAL;NO APLICA;NO;A;;;colrosariosogamoso@gmail.com
SOGAMOSO;15759;SOGAMOSO;3,15759E+11;COLEGIO SAN JOSE;CARRERA 16 A  N° 13-28;;;7706811;GLORIA INES LEGUIZAMON VEGA;CENTRO EDUCATIVO;NO OFICIAL;MIXTO;RURAL;PREESCOLAR,BÁSICA PRIMARIA;MAÑANA,TARDE;NO APLICA;;SIN REVISAR;-1,0,1,2,3,4,5;EDUCACIÓN TRADICIONAL;;;;1;ANTIGUO-ACTIVO;PERSONA NATURAL;PERSONA NATURAL;NO APLICA;NO;A;;;colegiosanjosesyg1971@hotmail.com
SOGAMOSO;15759;SOGAMOSO;3,15759E+11;INSTITUCION EDUCATIVA UNAD;CALLE 5 # 1-08;;;7706645;ELENA DURAN;CENTRO EDUCATIVO;NO OFICIAL;MIXTO;URBANA;;;NO APLICA;;SIN REVISAR;;;;;;1;CIERRE TEMPORAL;PERSONA NATURAL;PERSONA NATURAL;NO APLICA;NO;A;;;sogamoso@unad.edu.co
SOGAMOSO;15759;SOGAMOSO;3,15759E+11;INSTITUCION EDUCATIVA NUEVA GRANADA;CL 15 15 70;;;7713210;LUZ AIDAN PATIÑO BARRERA;CENTRO EDUCATIVO;NO OFICIAL;MIXTO;URBANA;MEDIA,BÁSICA SECUNDARIA;MAÑANA,NOCTURNA,FIN DE SEMANA;ACADÉMICO;NO APLICA,ACADÉMICA;CONDICIONAL;23,24,25,26;PROGRAMA PARA JÓVENES EN EXTRAEDAD Y ADULTOS;;;;1;ANTIGUO-ACTIVO;PERSONA NATURAL;PERSONA NATURAL;NO APLICA;NO;A;;;mal19@latinmail.com
SOGAMOSO;15759;SOGAMOSO;3,1576E+11;JUAN PABLO II;CL 21 11 39;;;7701094 - 3112928800;CAMILO FONSECA CORREDOR;INSTITUCION EDUCATIVA;NO OFICIAL;MIXTO;URBANA;MEDIA,BÁSICA SECUNDARIA;MAÑANA,NOCTURNA,TARDE,FIN DE SEMANA;;;DEFINITIVA;23,24,25,26;PROGRAMA PARA JÓVENES EN EXTRAEDAD Y ADULTOS;;;;1;NUEVO-ACTIVO;PERSONA NATURAL;PERSONA NATURAL;NO APLICA;NO;A;;;codemmbca1@hotmail.com
SOGAMOSO;15759;SOGAMOSO;3,1576E+11;LICEO PASOS AL FUTURO S.A.S;KR 20 2 D 68 <EOF>;;;;SONIA ROCIO AMEZQUITA FERNANDEZ;CENTRO EDUCATIVO;NO OFICIAL;MIXTO;URBANA;PREESCOLAR;ÚNICA;;;DEFINITIVA;-3;EDUCACIÓN TRADICIONAL;;;;1;NUEVO-ACTIVO;PERSONA NATURAL;PERSONA NATURAL;NO APLICA;NO;A;;;
SOGAMOSO;15759;SOGAMOSO;3,15759E+11;JARDIN INFANTIL PEQUEÑOS SABIOS;CALLE 6A NO. 26 - 36;;;7704094;OLGA BARRERA;CENTRO EDUCATIVO;NO OFICIAL;MIXTO;URBANA;;;NO APLICA;;SIN REVISAR;;;;;;1;CIERRE DEFINITIVO;PERSONA NATURAL;PERSONA NATURAL;NO APLICA;NO;A;;;
SOGAMOSO;15759;SOGAMOSO;3,15759E+11;COLEGIO COOPERATIVO REYES PATRIA;CL 26 9 A 67;;;7719598 - 7702453;OSCAR HERNÁN PORRAS OLARTE;INSTITUCION EDUCATIVA;NO OFICIAL;MIXTO;URBANA;PREESCOLAR,MEDIA,BÁSICA SECUNDARIA,BÁSICA PRIMARIA;MAÑANA,ÚNICA;TÉCNICO/ACADEMICO;OTRO,ACADÉMICA;CONDICIONAL;-2,-1,0,1,2,3,4,5,6,7,8,9,10,11;EDUCACIÓN TRADICIONAL;;;;1;ANTIGUO-ACTIVO;PERSONA NATURAL;PERSONA NATURAL;NO APLICA;NO;A;;;reyespatriaedu@gmail.com
SOGAMOSO;15759;SOGAMOSO;3,15759E+11;COLEGIO GIMNASIO SAN ANGELO;CALLE 4  Nº 10-38;;;7723241;DIANA MARCELA CRISTANCHO;CENTRO EDUCATIVO;NO OFICIAL;MIXTO;URBANA;;;NO APLICA;;SIN REVISAR;;;;;;1;CIERRE DEFINITIVO;PERSONA NATURAL;PERSONA NATURAL;NO APLICA;NO;A;;;
SOGAMOSO;15759;SOGAMOSO;3,15759E+11;JARDIN INFANTIL PICARDIAS;KR 26 13 20;;;7704190-7717914;ROJAS RIVERA MARIA EUGENIA;CENTRO EDUCATIVO;NO OFICIAL;MIXTO;URBANA;PREESCOLAR,BÁSICA PRIMARIA;MAÑANA;NO APLICA;;CONDICIONAL;-2,-1,0,1,2;EDUCACIÓN TRADICIONAL;;;;1;ANTIGUO-ACTIVO;PERSONA NATURAL;PERSONA NATURAL;NO APLICA;NO;A;;;
SOGAMOSO;15759;SOGAMOSO;3,15759E+11;ACISUG;CRA 7 NO. 8 - 79;;;7723564;VARGAS H. ANA OFELIA;CENTRO EDUCATIVO;NO OFICIAL;MIXTO;URBANA;;;NO APLICA;;SIN REVISAR;;;;DISCAPACIDAD INTELECTUAL,LESIÓN NEUROMUSCULAR,PARALISIS CEREBRAL,SÍNDROME DE DOWN,TRASTORNO DEL ESPECTRO AUTISTA;;1;CIERRE DEFINITIVO;PERSONA NATURAL;PERSONA NATURAL;NO APLICA;NO;A;;;
SOGAMOSO;15759;SOGAMOSO;3,15759E+11;COLEGIO SAN FRANCISCO DE ASIS;CARRERA 17 Nº 22-49;;;7701382;LUIS DE JESUS PEREZ TEJEDOR;INSTITUCION EDUCATIVA;NO OFICIAL;MIXTO;URBANA;;;ACADÉMICO;ACADÉMICA;SIN REVISAR;;;;;;1;CIERRE TEMPORAL;PERSONA NATURAL;PERSONA NATURAL;NO APLICA;NO;A;;;MANEROSI1@HOTMAIL
SOGAMOSO;15759;SOGAMOSO;3,15759E+11;COLEGIO MILITAR INOCENCIO CHINCA;KR 17 22 49;;;7720839;MY (R) RAMIRO TORO CHAPARRO;INSTITUCION EDUCATIVA;NO OFICIAL;MIXTO;URBANA;MEDIA,BÁSICA SECUNDARIA,BÁSICA PRIMARIA;MAÑANA;TÉCNICO/ACADEMICO;OTRO,NO APLICA,ACADÉMICA;SIN REVISAR;1,2,3,4,5,6,7,8,9,10,11;EDUCACIÓN TRADICIONAL;;;;1;ANTIGUO-ACTIVO;PERSONA NATURAL;PERSONA NATURAL;NO APLICA;NO;A;;;colegiomichincasog@hotmail.com
SOGAMOSO;15759;SOGAMOSO;3,15759E+11;CENTRO DE DESARROLLO HUMANO  CEDHU;CL 28 8 50;;;7717333;LINEY ROA SANABRIA;INSTITUCION EDUCATIVA;NO OFICIAL;MIXTO;URBANA;PREESCOLAR,MEDIA,BÁSICA SECUNDARIA,BÁSICA PRIMARIA;MAÑANA,COMPLETA;ACADÉMICO;ACADÉMICA;CONDICIONAL;-2,-1,0,1,2,3,4,5,6,7,8,9,10,11;EDUCACIÓN TRADICIONAL;;;;1;ANTIGUO-ACTIVO;PERSONA NATURAL;PERSONA NATURAL;NO APLICA;NO;A;;;colegiocedhu@gmail.com
SOGAMOSO;15759;SOGAMOSO;3,15759E+11;JARDIN  DE BARNEY;KR 14 A 7 B 44;;;7712533;ACEVEDO ESCOBAR ALBA LUCIA;CENTRO EDUCATIVO;NO OFICIAL;MIXTO;URBANA;PREESCOLAR;MAÑANA,COMPLETA;NO APLICA;;CONDICIONAL;-3;EDUCACIÓN TRADICIONAL;;;INGLÉS;1;ANTIGUO-ACTIVO;PERSONA NATURAL;PERSONA NATURAL;NO APLICA;NO;A;;;alae47@hotmail.com
SOGAMOSO;15759;SOGAMOSO;4,15759E+11;LICEO CAMPESTRE EL MUNDO QUE SOÑE S.A.S;CALLE 27 SUR # 11-128;;;7714366 - 3112875772;JOSE RAFAEL NIÑO MARIÑO;CENTRO EDUCATIVO;NO OFICIAL;MIXTO;RURAL;PREESCOLAR,BÁSICA PRIMARIA;MAÑANA,TARDE;NO APLICA;;CONDICIONAL;-2,-1,0,1,2,3,4,5;EDUCACIÓN TRADICIONAL;;;;1;ANTIGUO-ACTIVO;PERSONA NATURAL;PERSONA NATURAL;NO APLICA;NO;A;;;jrafaelnm@hotmail.com
SOGAMOSO;15759;SOGAMOSO;3,15759E+11;JARDIN INFANTIL RAYITO DE SOL;KM 3 VIA  IZA;;;7700099-7701657;MARIA ADELA GONZALEZ;CENTRO EDUCATIVO;NO OFICIAL;MIXTO;RURAL;PREESCOLAR;MAÑANA;NO APLICA;;CONDICIONAL;-1;EDUCACIÓN TRADICIONAL;;;FRANCES;1;ANTIGUO-ACTIVO;PERSONA NATURAL;PERSONA NATURAL;NO APLICA;NO;A;;;
SOGAMOSO;15759;SOGAMOSO;3,15759E+11;CARITAS FELICES HIGH SCHOOL;CL 1 A SUR 18 72;;;3112603831;PEDRO PABLO CHAPARRO;CENTRO EDUCATIVO;NO OFICIAL;MIXTO;URBANA;PREESCOLAR,BÁSICA PRIMARIA;MAÑANA;NO APLICA;;SIN REVISAR;-2,-1,0,1;EDUCACIÓN TRADICIONAL;;;;1;ANTIGUO-ACTIVO;PERSONA NATURAL;PERSONA NATURAL;NO APLICA;NO;A;;;col.caritasfelices@gmail.com
SOGAMOSO;15759;SOGAMOSO;3,15759E+11;EL TALLER DE WINNIE POO;KR 9 A 26 51;;;3163525832;SANDOVAL REYES CLARA INES;CENTRO EDUCATIVO;NO OFICIAL;MIXTO;URBANA;PREESCOLAR;COMPLETA;NO APLICA;;CONDICIONAL;-3;EDUCACIÓN TRADICIONAL;;;;1;ANTIGUO-ACTIVO;PERSONA NATURAL;PERSONA NATURAL;NO APLICA;NO;A;;;claraisando@hotmail.com
SOGAMOSO;15759;SOGAMOSO;3,15759E+11;COLEGIO LA RANA RENE;CL 16 9 A 42;;;7701663;MARIA AMPARO SALAZAR MEJIA;CENTRO EDUCATIVO;NO OFICIAL;MIXTO;URBANA;PREESCOLAR,BÁSICA PRIMARIA;MAÑANA,COMPLETA;NO APLICA;;SIN REVISAR;-2,-1,0,1,2,3,4,5;EDUCACIÓN TRADICIONAL;;;;1;ANTIGUO-ACTIVO;PERSONA NATURAL;PERSONA NATURAL;NO APLICA;NO;A;;;colrana30@hotmail.com
SOGAMOSO;15759;SOGAMOSO;3,15759E+11;INSTITUTO POLITECNICO JOSE CELESTINO MUTIS;CALLE 13 Nº 10-86 SEGUNDO PISO;;;7703809-7706881;RAFAEL DARIO LEAL MEDINA;CENTRO EDUCATIVO;NO OFICIAL;MIXTO;URBANA;MEDIA,BÁSICA SECUNDARIA,BÁSICA PRIMARIA;NOCTURNA,FIN DE SEMANA;ACADÉMICO;NO APLICA,ACADÉMICA;SIN REVISAR;21,22,23,24,25,26;PROGRAMA PARA JÓVENES EN EXTRAEDAD Y ADULTOS;;;;1;ANTIGUO-ACTIVO;PERSONA NATURAL;PERSONA NATURAL;NO APLICA;NO;A;;;rafaeldariolealmedina@hotmail.com
SOGAMOSO;15759;SOGAMOSO;3,15759E+11;LICEO COLOMBO ANDINO;CL 15 15 105;;;7702087;SANABRIA  PATIÑO ANA VICTORIA;CENTRO EDUCATIVO;NO OFICIAL;MIXTO;URBANA;PREESCOLAR,BÁSICA PRIMARIA;MAÑANA,COMPLETA;NO APLICA;;SIN REVISAR;-2,-1,0,1,2,3,4,5;EDUCACIÓN TRADICIONAL;;;;1;ANTIGUO-ACTIVO;PERSONA NATURAL;PERSONA NATURAL;NO APLICA;NO;A;;;liceocolomboandino@hotmail.com
SOGAMOSO;15759;SOGAMOSO;3,15759E+11;COLEGIO CELESTIN FREINET;KR 14 15 A 41;;;7716604;LOPEZ PARRA LUZ MARINA;CENTRO EDUCATIVO;NO OFICIAL;MIXTO;URBANA;PREESCOLAR,BÁSICA PRIMARIA;MAÑANA,COMPLETA;NO APLICA;;SIN REVISAR;-2,-1,0,1,2,3,4,5;EDUCACIÓN TRADICIONAL;;;;1;ANTIGUO-ACTIVO;PERSONA NATURAL;PERSONA NATURAL;NO APLICA;NO;A;;;celestinfreinet_2010@hotmail.com
SOGAMOSO;15759;SOGAMOSO;3,15759E+11;LICEO EL CASTILLO DEL SABER;CRRA 11 A N 41-36;;;7706268;GRACIELA GUIO CASTILLO;CENTRO EDUCATIVO;NO OFICIAL;MIXTO;URBANA;PREESCOLAR;MAÑANA;NO APLICA;;SIN REVISAR;-3;EDUCACIÓN TRADICIONAL;;;;1;NUEVO-ACTIVO;PERSONA NATURAL;PERSONA NATURAL;NO APLICA;NO;A;;;
SOGAMOSO;15759;SOGAMOSO;3,15759E+11;JARDIN INFANTIL MANITAS CREATIVAS;KR 14 13 A 15;;;3133350317;MARTHA CECILIA PUERTO;CENTRO EDUCATIVO;NO OFICIAL;MIXTO;URBANA;PREESCOLAR;MAÑANA,COMPLETA,TARDE;NO APLICA;;SIN REVISAR;-3;EDUCACIÓN TRADICIONAL;;;;1;ANTIGUO-ACTIVO;PERSONA NATURAL;PERSONA NATURAL;NO APLICA;NO;A;;;esperanzaprofe1@hotmail.com
SOGAMOSO;15759;SOGAMOSO;3,15759E+11;COLEGIO SANTA CATALINA;CRA 17 NO 3 - 32;;;7714281;LOPEZ BAYONA MARIA ROSA;CENTRO EDUCATIVO;NO OFICIAL;MIXTO;URBANA;PREESCOLAR,BÁSICA PRIMARIA;MAÑANA,COMPLETA;NO APLICA;;SIN REVISAR;-2,-1,0,1,2,3,4,5;EDUCACIÓN TRADICIONAL;;DISCAPACIDAD INTELECTUAL,DISCAPACIDAD VISUAL BAJA VISIÓN IRREVERSIBLE,PARALISIS CEREBRAL,SORDERA PROFUNDA,DISCAPACIDAD MÚLTIPLE,SÍNDROME DE DOWN,DISCAPACIDAD VISUAL CEGUERA,HIPOACUSIA O BAJA AUDICIÓN;;1;ANTIGUO-ACTIVO;PERSONA NATURAL;PERSONA NATURAL;NO APLICA;NO;A;;;universoinfantil@latinmail.com
SOGAMOSO;15759;SOGAMOSO;3,15759E+11;COLEGIO SAN PABLO APOSTOL;KR 16 13 A 45;;;724348;GLORIA LIZARAZO RONDON;CENTRO EDUCATIVO;NO OFICIAL;MIXTO;URBANA;PREESCOLAR,BÁSICA PRIMARIA;MAÑANA,TARDE;NO APLICA;;SIN REVISAR;-2,-1,0,1,2,3,4;EDUCACIÓN TRADICIONAL;;;;1;ANTIGUO-ACTIVO;PERSONA NATURAL;PERSONA NATURAL;NO APLICA;NO;A;;;colegiosanpabloapostol@hotmail.com
SOGAMOSO;15759;SOGAMOSO;3,15759E+11;COLEGIO DE EDUCACIÓN BÁSICA BADEN POWELL;CL 13 A 16 38;;;7702328;SONIA LUCÍA ACOSTA GALEANO;CENTRO EDUCATIVO;NO OFICIAL;MIXTO;URBANA;;;NO APLICA;;SIN REVISAR;;;;;;1;CIERRE DEFINITIVO;PERSONA NATURAL;PERSONA NATURAL;NO APLICA;NO;A;;;badenpowell@latinmail.com
SOGAMOSO;15759;SOGAMOSO;3,15759E+11;COLEGIO DE EDUCACION FORMAL FLEXIBLE SAN MATEO;KR 11 12 29;;;7734967;ANDERSON DE JESUS SALCEDO VALLE;CENTRO EDUCATIVO;NO OFICIAL;MIXTO;URBANA;MEDIA,BÁSICA SECUNDARIA,BÁSICA PRIMARIA;MAÑANA,FIN DE SEMANA;ACADÉMICO;NO APLICA,ACADÉMICA;CONDICIONAL;22,23,24,25,26;PROGRAMA PARA JÓVENES EN EXTRAEDAD Y ADULTOS;;;;1;ANTIGUO-ACTIVO;PERSONA NATURAL;PERSONA NATURAL;NO APLICA;NO;OTRO;;;colegiosanmateosogboy@hotmail.com
SOGAMOSO;15759;SOGAMOSO;3,15759E+11;COLEGIO COOPERATIVO DE TRABAJADORES DE ACERIAS PAZ DEL RIO;TV 8 2 105;;;7706878;PEDRO PABLO CHAPARRO;INSTITUCION EDUCATIVA;NO OFICIAL;MIXTO;URBANA;;;ACADÉMICO;ACADÉMICA;SIN REVISAR;;;;;;1;CIERRE DEFINITIVO;PERSONA NATURAL;PERSONA NATURAL;NO APLICA;NO;A;;;
SOGAMOSO;15759;SOGAMOSO;3,15759E+11;COLEGIO  BASICO  PESTALOZZI;CL 6 8 96;;;7728788;SENAIDA ZAMBRANO PATIÑO;CENTRO EDUCATIVO;NO OFICIAL;MIXTO;URBANA;PREESCOLAR,BÁSICA PRIMARIA;MAÑANA,TARDE;NO APLICA;;SIN REVISAR;-2,-1,0,1,2,3,4,5;EDUCACIÓN TRADICIONAL;;;;1;ANTIGUO-ACTIVO;PERSONA NATURAL;PERSONA NATURAL;NO APLICA;NO;A;;;senaidazambrano10@hotmail.comcom
SOGAMOSO;15759;SOGAMOSO;3,15759E+11;INSTITUCION EDUCATIVA COLEGIO EMPRESARIAL DE BOYACA;KR 9 14 109;;;7726842;DORA ROCIO CARVAJAL REYES;CENTRO EDUCATIVO;NO OFICIAL;MIXTO;URBANA;MEDIA,BÁSICA SECUNDARIA,BÁSICA PRIMARIA;NOCTURNA,TARDE,FIN DE SEMANA;ACADÉMICO;ACADÉMICA;CONDICIONAL;21,22,23,24,25,26;PROGRAMA PARA JÓVENES EN EXTRAEDAD Y ADULTOS;;;;1;NUEVO-ACTIVO;PERSONA NATURAL;PERSONA NATURAL;NO APLICA;NO;A;;;r.carvajal@corpoune.edu.co
SOGAMOSO;15759;SOGAMOSO;3,15759E+11;GIMNASIO MODERNO MONTESSORI;KR 10 A 27 26;;;3112202376;NADIA TIBAVIJA MORENO;CENTRO EDUCATIVO;NO OFICIAL;MIXTO;URBANA;PREESCOLAR,BÁSICA PRIMARIA;ÚNICA;;;REVISADA ACEPTADA;-2,-1,0,1,2,3,4,5;EDUCACIÓN TRADICIONAL;;;;1;NUEVO-ACTIVO;PERSONA NATURAL;PERSONA NATURAL;NO APLICA;NO;A;;ESTRATO 3;licnatis@hotmail.com
SOGAMOSO;15759;SOGAMOSO;3,15759E+11;COLEGIO CIUDAD DEL SOL;CL 10 A 14 A 04;;;7703879;MARIA OFELIA ALVAREZ GOMEZ;INSTITUCION EDUCATIVA;NO OFICIAL;MIXTO;URBANA;MEDIA,BÁSICA SECUNDARIA,BÁSICA PRIMARIA;MAÑANA,NOCTURNA,TARDE,FIN DE SEMANA;ACADÉMICO;ACADÉMICA;CONDICIONAL;1,2,3,4,5,6,7,8,9,10,11,21,23,25;EDUCACIÓN TRADICIONAL;;;;1;ANTIGUO-ACTIVO;PERSONA NATURAL;PERSONA NATURAL;NO APLICA;NO;A;;;colegio.ciudad1971@gmail.com
SOGAMOSO;15759;SOGAMOSO;3,15759E+11;LICEO  LA PRESENTACION SOGAMOSO;KR 24 4 58;;;7750699;CESAR FABIO CABRA NARANJO;INSTITUCION EDUCATIVA;NO OFICIAL;MIXTO;URBANA;PREESCOLAR,MEDIA,BÁSICA SECUNDARIA,BÁSICA PRIMARIA;MAÑANA,COMPLETA;ACADÉMICO;NO APLICA,ACADÉMICA;CONDICIONAL;-1,0,1,2,3,4,5,6,7,8,9,10,11;EDUCACIÓN TRADICIONAL;;;;1;ANTIGUO-ACTIVO;PERSONA NATURAL;PERSONA NATURAL;NO APLICA;NO;A;;;rectoria@presentacionsogamoso.edu.co
SOGAMOSO;15759;SOGAMOSO;3,15759E+11;LICEO PELDAÑOS;KR 9 18 12;;;3107999325;ELIZABETH MARTINEZ LIZARAZO;CENTRO EDUCATIVO;NO OFICIAL;MIXTO;URBANA;PREESCOLAR,BÁSICA PRIMARIA,PRIMERA INFANCIA;COMPLETA;NO APLICA;;CONDICIONAL;-3,-2,-1,0,1,2,3,4,5;ENTORNO INSTITUCIONAL,EDUCACIÓN TRADICIONAL;;;;1;NUEVO-ACTIVO;PERSONA NATURAL;PERSONA NATURAL;NO APLICA;NO;A;;;liceopeldanos0529@gmail.com
SOGAMOSO;15759;SOGAMOSO;3,15759E+11;COLEGIO COMERCIAL ADVENTISTA DE SOGAMOSO CADES;KR 15 16 30;;;7711217;ALEXANDER CASTRO YARA;INSTITUCION EDUCATIVA;NO OFICIAL;MIXTO;URBANA;PREESCOLAR,MEDIA,BÁSICA SECUNDARIA,BÁSICA PRIMARIA;MAÑANA,COMPLETA;TÉCNICO/ACADEMICO;OTRO,INDUSTRIAL,COMERCIAL,ACADÉMICA;CONDICIONAL;-2,-1,0,1,2,3,4,5,6,7,8,9,10,11;EDUCACIÓN TRADICIONAL;;LESIÓN NEUROMUSCULAR,PARALISIS CEREBRAL,SORDERA PROFUNDA,HIPOACUSIA O BAJA AUDICIÓN;;1;ANTIGUO-ACTIVO;PERSONA NATURAL;PERSONA NATURAL;NO APLICA;NO;A;;;colegiocades@hotmail.com
SOGAMOSO;15759;SOGAMOSO;3,15759E+11;LICEO SAN FERNANDO;CL 15 13 39;;;7705569;DIANA MARIA MENDOZA;CENTRO EDUCATIVO;NO OFICIAL;MIXTO;URBANA;PREESCOLAR,BÁSICA PRIMARIA;MAÑANA,COMPLETA;NO APLICA;;CONDICIONAL;-2,-1,0,1,2,3,4,5;EDUCACIÓN TRADICIONAL;;;;1;ANTIGUO-ACTIVO;PERSONA NATURAL;PERSONA NATURAL;NO APLICA;NO;A;;;colsanfernandosog@gmail.com
SOGAMOSO;15759;SOGAMOSO;3,15759E+11;GIMNASIO  MODERNO;AV SAN MARTIN 19 05;;;3112844674;BLANCA CECILIA PRIETO PARRA;CENTRO EDUCATIVO;NO OFICIAL;MIXTO;URBANA;PREESCOLAR,BÁSICA PRIMARIA;MAÑANA,TARDE;NO APLICA;;CONDICIONAL;-2,-1,0,1,2,3,4,5;EDUCACIÓN TRADICIONAL;;;;1;ANTIGUO-ACTIVO;PERSONA NATURAL;PERSONA NATURAL;NO APLICA;NO;A;;;prietoblancac@gmail.com
SOGAMOSO;15759;SOGAMOSO;3,15759E+11;JARDIN INFANTIL PEQUEÑOS GIGANTES;CALLE 7 # 24 - 72;;;7705310;NAVARRETE SEPULVEDA ANDREA PATRICIA;CENTRO EDUCATIVO;NO OFICIAL;MIXTO;URBANA;;;NO APLICA;;SIN REVISAR;;;;;;1;CIERRE DEFINITIVO;PERSONA NATURAL;PERSONA NATURAL;NO APLICA;NO;A;;;marburi@msn.com
SOGAMOSO;15759;SOGAMOSO;3,15759E+11;COLEGIO ECOLOGICO DEL NORTE;CL 43 10 A 10;;;3208589949;ANA YISSEL DIAZ RODRIGUEZ;CENTRO EDUCATIVO;NO OFICIAL;MIXTO;URBANA;PREESCOLAR;MAÑANA;;;REVISADA ACEPTADA;-3;PREESCOLAR ESCOLARIZADO_,EDUCACIÓN TRADICIONAL;;;;1;NUEVO-ACTIVO;PERSONA NATURAL;PERSONA NATURAL;NO APLICA;NO;A;;ESTRATO 2;colegioecologicodelnorte@hotmail.com
SOGAMOSO;15759;SOGAMOSO;3,15759E+11;LICEO INFANTIL IRACA;KR 14 4 56;;;3155453700;BLANCA CECILIA PEREZ MESA;INSTITUCION EDUCATIVA;NO OFICIAL;MIXTO;URBANA;PREESCOLAR;ÚNICA;;;DEFINITIVA;-3;EDUCACIÓN TRADICIONAL;;;;1;NUEVO-ACTIVO;PERSONA NATURAL;PERSONA NATURAL;NO APLICA;NO;A;;;Liceo_iraca@outlook.com
SOGAMOSO;15759;SOGAMOSO;4,1576E+11;ANGLO SCHOOL DIVINO SALVADOR;VEREDA VANEGAS  SECTOR APOSENTOS KILOMETRO 7 VIA A IZA;;;3107810158;AIDA YOLIMA FUQUEN MARTINEZ;INSTITUCION EDUCATIVA;NO OFICIAL;MIXTO;RURAL;PREESCOLAR,BÁSICA SECUNDARIA,BÁSICA PRIMARIA;ÚNICA;;;DEFINITIVA;-2,-1,0,1,2,3,4,5,6,7,8,9;EDUCACIÓN TRADICIONAL;;;;1;NUEVO-ACTIVO;PERSONA NATURAL;PERSONA NATURAL;NO APLICA;NO;A;;;asdivino.salvador@gmail.com
SOGAMOSO;15759;SOGAMOSO;3,15759E+11;COLEGIO UNICAB VIRTUAL;CL 13 A 16 60;;;7752309 - 3158895275;IMELDA VERGARA GOMEZ;INSTITUCION EDUCATIVA;NO OFICIAL;MIXTO;URBANA;PREESCOLAR,MEDIA,BÁSICA SECUNDARIA,BÁSICA PRIMARIA;MAÑANA,COMPLETA;ACADÉMICO;NO APLICA,ACADÉMICA;CONDICIONAL;0,1,2,3,4,5,6,7,8,9,10,11,21,22,23,24,25,26;MODALIDAD VIRTUAL ASISTIDA UCN;;;;1;NUEVO-ACTIVO;FUNDACION O CORPORACIONES;FUNDACION O CORPORACIONES;NO APLICA;NO;A;;;administracion@unicab.org
SOGAMOSO;15759;SOGAMOSO;3,15759E+11;INSTITUTO DE EDUCACION FORMAL COMFABOY;KR 10 13 28;;;3208514716;RONALD HARLEY CAMARGO CAMARGO;CENTRO EDUCATIVO;NO OFICIAL;MIXTO;URBANA;PREESCOLAR,MEDIA,BÁSICA SECUNDARIA,BÁSICA PRIMARIA;COMPLETA,NOCTURNA;NO APLICA;;CONDICIONAL;-2,-1,0,1,2,3,4,5,21,22,23,24,25,26;PROGRAMA PARA JÓVENES EN EXTRAEDAD Y ADULTOS,EDUCACIÓN TRADICIONAL;;;;1;NUEVO-ACTIVO;CAJA DE COMPENSACIÓN;CAJA DE COMPENSACIÓN;NO APLICA;NO;A;;;rcamargo@comfaboy.com.co
;;;;;;;;;;;;;;;;;;;;;;;;;;;;;;;;;
Fuente: https://www.datos.gov.co/Educaci-n/Establecimientos-Educativos-activos-del-sector-ofi/emd6-ef7x;;;;;;;;;;;;;;;;;;;;;;;;;;;;;;;;;
;;;;;;;;;;;;;;;;;;;;;;;;;;;;;;;;;
;;;;;;;;;;;;;;;;;;;;;;;;;;;;;;;;;
;;;;;;;;;;;;;;;;;;;;;;;;;;;;;;;;;
;;;;;;;;;;;;;;;;;;;;;;;;;;;;;;;;;
;;;;;;;;;;;;;;;;;;;;;;;;;;;;;;;;;
;;;;;;;;;;;;;;;;;;;;;;;;;;;;;;;;;
;;;;;;;;;;;;;;;;;;;;;;;;;;;;;;;;;
;;;;;;;;;;;;;;;;;;;;;;;;;;;;;;;;;
;;;;;;;;;;;;;;;;;;;;;;;;;;;;;;;;;
;;;;;;;;;;;;;;;;;;;;;;;;;;;;;;;;;
;;;;;;;;;;;;;;;;;;;;;;;;;;;;;;;;;
;;;;;;;;;;;;;;;;;;;;;;;;;;;;;;;;;
;;;;;;;;;;;;;;;;;;;;;;;;;;;;;;;;;
;;;;;;;;;;;;;;;;;;;;;;;;;;;;;;;;;
;;;;;;;;;;;;;;;;;;;;;;;;;;;;;;;;;
;;;;;;;;;;;;;;;;;;;;;;;;;;;;;;;;;
;;;;;;;;;;;;;;;;;;;;;;;;;;;;;;;;;
;;;;;;;;;;;;;;;;;;;;;;;;;;;;;;;;;
;;;;;;;;;;;;;;;;;;;;;;;;;;;;;;;;;
;;;;;;;;;;;;;;;;;;;;;;;;;;;;;;;;;
;;;;;;;;;;;;;;;;;;;;;;;;;;;;;;;;;
;;;;;;;;;;;;;;;;;;;;;;;;;;;;;;;;;
;;;;;;;;;;;;;;;;;;;;;;;;;;;;;;;;;
;;;;;;;;;;;;;;;;;;;;;;;;;;;;;;;;;
;;;;;;;;;;;;;;;;;;;;;;;;;;;;;;;;;
;;;;;;;;;;;;;;;;;;;;;;;;;;;;;;;;;
;;;;;;;;;;;;;;;;;;;;;;;;;;;;;;;;;
;;;;;;;;;;;;;;;;;;;;;;;;;;;;;;;;;
;;;;;;;;;;;;;;;;;;;;;;;;;;;;;;;;;
;;;;;;;;;;;;;;;;;;;;;;;;;;;;;;;;;
;;;;;;;;;;;;;;;;;;;;;;;;;;;;;;;;;
;;;;;;;;;;;;;;;;;;;;;;;;;;;;;;;;;
;;;;;;;;;;;;;;;;;;;;;;;;;;;;;;;;;
;;;;;;;;;;;;;;;;;;;;;;;;;;;;;;;;;
;;;;;;;;;;;;;;;;;;;;;;;;;;;;;;;;;
;;;;;;;;;;;;;;;;;;;;;;;;;;;;;;;;;
;;;;;;;;;;;;;;;;;;;;;;;;;;;;;;;;;
;;;;;;;;;;;;;;;;;;;;;;;;;;;;;;;;;
;;;;;;;;;;;;;;;;;;;;;;;;;;;;;;;;;
;;;;;;;;;;;;;;;;;;;;;;;;;;;;;;;;;
;;;;;;;;;;;;;;;;;;;;;;;;;;;;;;;;;
;;;;;;;;;;;;;;;;;;;;;;;;;;;;;;;;;
;;;;;;;;;;;;;;;;;;;;;;;;;;;;;;;;;
;;;;;;;;;;;;;;;;;;;;;;;;;;;;;;;;;
;;;;;;;;;;;;;;;;;;;;;;;;;;;;;;;;;
;;;;;;;;;;;;;;;;;;;;;;;;;;;;;;;;;
;;;;;;;;;;;;;;;;;;;;;;;;;;;;;;;;;
;;;;;;;;;;;;;;;;;;;;;;;;;;;;;;;;;
;;;;;;;;;;;;;;;;;;;;;;;;;;;;;;;;;
;;;;;;;;;;;;;;;;;;;;;;;;;;;;;;;;;
;;;;;;;;;;;;;;;;;;;;;;;;;;;;;;;;;
;;;;;;;;;;;;;;;;;;;;;;;;;;;;;;;;;
;;;;;;;;;;;;;;;;;;;;;;;;;;;;;;;;;
;;;;;;;;;;;;;;;;;;;;;;;;;;;;;;;;;
;;;;;;;;;;;;;;;;;;;;;;;;;;;;;;;;;
;;;;;;;;;;;;;;;;;;;;;;;;;;;;;;;;;
;;;;;;;;;;;;;;;;;;;;;;;;;;;;;;;;;
;;;;;;;;;;;;;;;;;;;;;;;;;;;;;;;;;
;;;;;;;;;;;;;;;;;;;;;;;;;;;;;;;;;
;;;;;;;;;;;;;;;;;;;;;;;;;;;;;;;;;
;;;;;;;;;;;;;;;;;;;;;;;;;;;;;;;;;
;;;;;;;;;;;;;;;;;;;;;;;;;;;;;;;;;
;;;;;;;;;;;;;;;;;;;;;;;;;;;;;;;;;
;;;;;;;;;;;;;;;;;;;;;;;;;;;;;;;;;
;;;;;;;;;;;;;;;;;;;;;;;;;;;;;;;;;
;;;;;;;;;;;;;;;;;;;;;;;;;;;;;;;;;
;;;;;;;;;;;;;;;;;;;;;;;;;;;;;;;;;
;;;;;;;;;;;;;;;;;;;;;;;;;;;;;;;;;
;;;;;;;;;;;;;;;;;;;;;;;;;;;;;;;;;
;;;;;;;;;;;;;;;;;;;;;;;;;;;;;;;;;
;;;;;;;;;;;;;;;;;;;;;;;;;;;;;;;;;
;;;;;;;;;;;;;;;;;;;;;;;;;;;;;;;;;
;;;;;;;;;;;;;;;;;;;;;;;;;;;;;;;;;
;;;;;;;;;;;;;;;;;;;;;;;;;;;;;;;;;
;;;;;;;;;;;;;;;;;;;;;;;;;;;;;;;;;
;;;;;;;;;;;;;;;;;;;;;;;;;;;;;;;;;
;;;;;;;;;;;;;;;;;;;;;;;;;;;;;;;;;
;;;;;;;;;;;;;;;;;;;;;;;;;;;;;;;;;
;;;;;;;;;;;;;;;;;;;;;;;;;;;;;;;;;
;;;;;;;;;;;;;;;;;;;;;;;;;;;;;;;;;
;;;;;;;;;;;;;;;;;;;;;;;;;;;;;;;;;
;;;;;;;;;;;;;;;;;;;;;;;;;;;;;;;;;
;;;;;;;;;;;;;;;;;;;;;;;;;;;;;;;;;
;;;;;;;;;;;;;;;;;;;;;;;;;;;;;;;;;
;;;;;;;;;;;;;;;;;;;;;;;;;;;;;;;;;
;;;;;;;;;;;;;;;;;;;;;;;;;;;;;;;;;
;;;;;;;;;;;;;;;;;;;;;;;;;;;;;;;;;
;;;;;;;;;;;;;;;;;;;;;;;;;;;;;;;;;
;;;;;;;;;;;;;;;;;;;;;;;;;;;;;;;;;
;;;;;;;;;;;;;;;;;;;;;;;;;;;;;;;;;
;;;;;;;;;;;;;;;;;;;;;;;;;;;;;;;;;
;;;;;;;;;;;;;;;;;;;;;;;;;;;;;;;;;
;;;;;;;;;;;;;;;;;;;;;;;;;;;;;;;;;
;;;;;;;;;;;;;;;;;;;;;;;;;;;;;;;;;
;;;;;;;;;;;;;;;;;;;;;;;;;;;;;;;;;
;;;;;;;;;;;;;;;;;;;;;;;;;;;;;;;;;
;;;;;;;;;;;;;;;;;;;;;;;;;;;;;;;;;
;;;;;;;;;;;;;;;;;;;;;;;;;;;;;;;;;
;;;;;;;;;;;;;;;;;;;;;;;;;;;;;;;;;
;;;;;;;;;;;;;;;;;;;;;;;;;;;;;;;;;
;;;;;;;;;;;;;;;;;;;;;;;;;;;;;;;;;
;;;;;;;;;;;;;;;;;;;;;;;;;;;;;;;;;
;;;;;;;;;;;;;;;;;;;;;;;;;;;;;;;;;
;;;;;;;;;;;;;;;;;;;;;;;;;;;;;;;;;
;;;;;;;;;;;;;;;;;;;;;;;;;;;;;;;;;
;;;;;;;;;;;;;;;;;;;;;;;;;;;;;;;;;
;;;;;;;;;;;;;;;;;;;;;;;;;;;;;;;;;
;;;;;;;;;;;;;;;;;;;;;;;;;;;;;;;;;
;;;;;;;;;;;;;;;;;;;;;;;;;;;;;;;;;
;;;;;;;;;;;;;;;;;;;;;;;;;;;;;;;;;
;;;;;;;;;;;;;;;;;;;;;;;;;;;;;;;;;
;;;;;;;;;;;;;;;;;;;;;;;;;;;;;;;;;
;;;;;;;;;;;;;;;;;;;;;;;;;;;;;;;;;
;;;;;;;;;;;;;;;;;;;;;;;;;;;;;;;;;
;;;;;;;;;;;;;;;;;;;;;;;;;;;;;;;;;
;;;;;;;;;;;;;;;;;;;;;;;;;;;;;;;;;
;;;;;;;;;;;;;;;;;;;;;;;;;;;;;;;;;
;;;;;;;;;;;;;;;;;;;;;;;;;;;;;;;;;
;;;;;;;;;;;;;;;;;;;;;;;;;;;;;;;;;
;;;;;;;;;;;;;;;;;;;;;;;;;;;;;;;;;
;;;;;;;;;;;;;;;;;;;;;;;;;;;;;;;;;
;;;;;;;;;;;;;;;;;;;;;;;;;;;;;;;;;
;;;;;;;;;;;;;;;;;;;;;;;;;;;;;;;;;
;;;;;;;;;;;;;;;;;;;;;;;;;;;;;;;;;
;;;;;;;;;;;;;;;;;;;;;;;;;;;;;;;;;
;;;;;;;;;;;;;;;;;;;;;;;;;;;;;;;;;
;;;;;;;;;;;;;;;;;;;;;;;;;;;;;;;;;
;;;;;;;;;;;;;;;;;;;;;;;;;;;;;;;;;
;;;;;;;;;;;;;;;;;;;;;;;;;;;;;;;;;
;;;;;;;;;;;;;;;;;;;;;;;;;;;;;;;;;
;;;;;;;;;;;;;;;;;;;;;;;;;;;;;;;;;
;;;;;;;;;;;;;;;;;;;;;;;;;;;;;;;;;
;;;;;;;;;;;;;;;;;;;;;;;;;;;;;;;;;
;;;;;;;;;;;;;;;;;;;;;;;;;;;;;;;;;
;;;;;;;;;;;;;;;;;;;;;;;;;;;;;;;;;
;;;;;;;;;;;;;;;;;;;;;;;;;;;;;;;;;
;;;;;;;;;;;;;;;;;;;;;;;;;;;;;;;;;
;;;;;;;;;;;;;;;;;;;;;;;;;;;;;;;;;
;;;;;;;;;;;;;;;;;;;;;;;;;;;;;;;;;
;;;;;;;;;;;;;;;;;;;;;;;;;;;;;;;;;
;;;;;;;;;;;;;;;;;;;;;;;;;;;;;;;;;
;;;;;;;;;;;;;;;;;;;;;;;;;;;;;;;;;
;;;;;;;;;;;;;;;;;;;;;;;;;;;;;;;;;
;;;;;;;;;;;;;;;;;;;;;;;;;;;;;;;;;
;;;;;;;;;;;;;;;;;;;;;;;;;;;;;;;;;
;;;;;;;;;;;;;;;;;;;;;;;;;;;;;;;;;
;;;;;;;;;;;;;;;;;;;;;;;;;;;;;;;;;
;;;;;;;;;;;;;;;;;;;;;;;;;;;;;;;;;
;;;;;;;;;;;;;;;;;;;;;;;;;;;;;;;;;
;;;;;;;;;;;;;;;;;;;;;;;;;;;;;;;;;
;;;;;;;;;;;;;;;;;;;;;;;;;;;;;;;;;
;;;;;;;;;;;;;;;;;;;;;;;;;;;;;;;;;
;;;;;;;;;;;;;;;;;;;;;;;;;;;;;;;;;
;;;;;;;;;;;;;;;;;;;;;;;;;;;;;;;;;
;;;;;;;;;;;;;;;;;;;;;;;;;;;;;;;;;
;;;;;;;;;;;;;;;;;;;;;;;;;;;;;;;;;
;;;;;;;;;;;;;;;;;;;;;;;;;;;;;;;;;
;;;;;;;;;;;;;;;;;;;;;;;;;;;;;;;;;
;;;;;;;;;;;;;;;;;;;;;;;;;;;;;;;;;
;;;;;;;;;;;;;;;;;;;;;;;;;;;;;;;;;
;;;;;;;;;;;;;;;;;;;;;;;;;;;;;;;;;
;;;;;;;;;;;;;;;;;;;;;;;;;;;;;;;;;
;;;;;;;;;;;;;;;;;;;;;;;;;;;;;;;;;
;;;;;;;;;;;;;;;;;;;;;;;;;;;;;;;;;
;;;;;;;;;;;;;;;;;;;;;;;;;;;;;;;;;
;;;;;;;;;;;;;;;;;;;;;;;;;;;;;;;;;
;;;;;;;;;;;;;;;;;;;;;;;;;;;;;;;;;
;;;;;;;;;;;;;;;;;;;;;;;;;;;;;;;;;
;;;;;;;;;;;;;;;;;;;;;;;;;;;;;;;;;
;;;;;;;;;;;;;;;;;;;;;;;;;;;;;;;;;
;;;;;;;;;;;;;;;;;;;;;;;;;;;;;;;;;
;;;;;;;;;;;;;;;;;;;;;;;;;;;;;;;;;
;;;;;;;;;;;;;;;;;;;;;;;;;;;;;;;;;
;;;;;;;;;;;;;;;;;;;;;;;;;;;;;;;;;
;;;;;;;;;;;;;;;;;;;;;;;;;;;;;;;;;
;;;;;;;;;;;;;;;;;;;;;;;;;;;;;;;;;
;;;;;;;;;;;;;;;;;;;;;;;;;;;;;;;;;
;;;;;;;;;;;;;;;;;;;;;;;;;;;;;;;;;
;;;;;;;;;;;;;;;;;;;;;;;;;;;;;;;;;
;;;;;;;;;;;;;;;;;;;;;;;;;;;;;;;;;
;;;;;;;;;;;;;;;;;;;;;;;;;;;;;;;;;
;;;;;;;;;;;;;;;;;;;;;;;;;;;;;;;;;
;;;;;;;;;;;;;;;;;;;;;;;;;;;;;;;;;
;;;;;;;;;;;;;;;;;;;;;;;;;;;;;;;;;
;;;;;;;;;;;;;;;;;;;;;;;;;;;;;;;;;
;;;;;;;;;;;;;;;;;;;;;;;;;;;;;;;;;
;;;;;;;;;;;;;;;;;;;;;;;;;;;;;;;;;
;;;;;;;;;;;;;;;;;;;;;;;;;;;;;;;;;
;;;;;;;;;;;;;;;;;;;;;;;;;;;;;;;;;
;;;;;;;;;;;;;;;;;;;;;;;;;;;;;;;;;
;;;;;;;;;;;;;;;;;;;;;;;;;;;;;;;;;
;;;;;;;;;;;;;;;;;;;;;;;;;;;;;;;;;
;;;;;;;;;;;;;;;;;;;;;;;;;;;;;;;;;
;;;;;;;;;;;;;;;;;;;;;;;;;;;;;;;;;
;;;;;;;;;;;;;;;;;;;;;;;;;;;;;;;;;
;;;;;;;;;;;;;;;;;;;;;;;;;;;;;;;;;
;;;;;;;;;;;;;;;;;;;;;;;;;;;;;;;;;
;;;;;;;;;;;;;;;;;;;;;;;;;;;;;;;;;
;;;;;;;;;;;;;;;;;;;;;;;;;;;;;;;;;
;;;;;;;;;;;;;;;;;;;;;;;;;;;;;;;;;
;;;;;;;;;;;;;;;;;;;;;;;;;;;;;;;;;
;;;;;;;;;;;;;;;;;;;;;;;;;;;;;;;;;
;;;;;;;;;;;;;;;;;;;;;;;;;;;;;;;;;
;;;;;;;;;;;;;;;;;;;;;;;;;;;;;;;;;
;;;;;;;;;;;;;;;;;;;;;;;;;;;;;;;;;
;;;;;;;;;;;;;;;;;;;;;;;;;;;;;;;;;
;;;;;;;;;;;;;;;;;;;;;;;;;;;;;;;;;
;;;;;;;;;;;;;;;;;;;;;;;;;;;;;;;;;
;;;;;;;;;;;;;;;;;;;;;;;;;;;;;;;;;
;;;;;;;;;;;;;;;;;;;;;;;;;;;;;;;;;
;;;;;;;;;;;;;;;;;;;;;;;;;;;;;;;;;
;;;;;;;;;;;;;;;;;;;;;;;;;;;;;;;;;
;;;;;;;;;;;;;;;;;;;;;;;;;;;;;;;;;
;;;;;;;;;;;;;;;;;;;;;;;;;;;;;;;;;
;;;;;;;;;;;;;;;;;;;;;;;;;;;;;;;;;
;;;;;;;;;;;;;;;;;;;;;;;;;;;;;;;;;
;;;;;;;;;;;;;;;;;;;;;;;;;;;;;;;;;
;;;;;;;;;;;;;;;;;;;;;;;;;;;;;;;;;
;;;;;;;;;;;;;;;;;;;;;;;;;;;;;;;;;
;;;;;;;;;;;;;;;;;;;;;;;;;;;;;;;;;
;;;;;;;;;;;;;;;;;;;;;;;;;;;;;;;;;
;;;;;;;;;;;;;;;;;;;;;;;;;;;;;;;;;
;;;;;;;;;;;;;;;;;;;;;;;;;;;;;;;;;
;;;;;;;;;;;;;;;;;;;;;;;;;;;;;;;;;
;;;;;;;;;;;;;;;;;;;;;;;;;;;;;;;;;
;;;;;;;;;;;;;;;;;;;;;;;;;;;;;;;;;
;;;;;;;;;;;;;;;;;;;;;;;;;;;;;;;;;
;;;;;;;;;;;;;;;;;;;;;;;;;;;;;;;;;
;;;;;;;;;;;;;;;;;;;;;;;;;;;;;;;;;
;;;;;;;;;;;;;;;;;;;;;;;;;;;;;;;;;
;;;;;;;;;;;;;;;;;;;;;;;;;;;;;;;;;
;;;;;;;;;;;;;;;;;;;;;;;;;;;;;;;;;
;;;;;;;;;;;;;;;;;;;;;;;;;;;;;;;;;
;;;;;;;;;;;;;;;;;;;;;;;;;;;;;;;;;
;;;;;;;;;;;;;;;;;;;;;;;;;;;;;;;;;
;;;;;;;;;;;;;;;;;;;;;;;;;;;;;;;;;
;;;;;;;;;;;;;;;;;;;;;;;;;;;;;;;;;
;;;;;;;;;;;;;;;;;;;;;;;;;;;;;;;;;
;;;;;;;;;;;;;;;;;;;;;;;;;;;;;;;;;
;;;;;;;;;;;;;;;;;;;;;;;;;;;;;;;;;
;;;;;;;;;;;;;;;;;;;;;;;;;;;;;;;;;
;;;;;;;;;;;;;;;;;;;;;;;;;;;;;;;;;
;;;;;;;;;;;;;;;;;;;;;;;;;;;;;;;;;
;;;;;;;;;;;;;;;;;;;;;;;;;;;;;;;;;
;;;;;;;;;;;;;;;;;;;;;;;;;;;;;;;;;
;;;;;;;;;;;;;;;;;;;;;;;;;;;;;;;;;
;;;;;;;;;;;;;;;;;;;;;;;;;;;;;;;;;
;;;;;;;;;;;;;;;;;;;;;;;;;;;;;;;;;
;;;;;;;;;;;;;;;;;;;;;;;;;;;;;;;;;
;;;;;;;;;;;;;;;;;;;;;;;;;;;;;;;;;
;;;;;;;;;;;;;;;;;;;;;;;;;;;;;;;;;
;;;;;;;;;;;;;;;;;;;;;;;;;;;;;;;;;
;;;;;;;;;;;;;;;;;;;;;;;;;;;;;;;;;
;;;;;;;;;;;;;;;;;;;;;;;;;;;;;;;;;
;;;;;;;;;;;;;;;;;;;;;;;;;;;;;;;;;
;;;;;;;;;;;;;;;;;;;;;;;;;;;;;;;;;
;;;;;;;;;;;;;;;;;;;;;;;;;;;;;;;;;
;;;;;;;;;;;;;;;;;;;;;;;;;;;;;;;;;
;;;;;;;;;;;;;;;;;;;;;;;;;;;;;;;;;
;;;;;;;;;;;;;;;;;;;;;;;;;;;;;;;;;
;;;;;;;;;;;;;;;;;;;;;;;;;;;;;;;;;
;;;;;;;;;;;;;;;;;;;;;;;;;;;;;;;;;
;;;;;;;;;;;;;;;;;;;;;;;;;;;;;;;;;
;;;;;;;;;;;;;;;;;;;;;;;;;;;;;;;;;
;;;;;;;;;;;;;;;;;;;;;;;;;;;;;;;;;
;;;;;;;;;;;;;;;;;;;;;;;;;;;;;;;;;
;;;;;;;;;;;;;;;;;;;;;;;;;;;;;;;;;
;;;;;;;;;;;;;;;;;;;;;;;;;;;;;;;;;
;;;;;;;;;;;;;;;;;;;;;;;;;;;;;;;;;
;;;;;;;;;;;;;;;;;;;;;;;;;;;;;;;;;
;;;;;;;;;;;;;;;;;;;;;;;;;;;;;;;;;
;;;;;;;;;;;;;;;;;;;;;;;;;;;;;;;;;
;;;;;;;;;;;;;;;;;;;;;;;;;;;;;;;;;
;;;;;;;;;;;;;;;;;;;;;;;;;;;;;;;;;
;;;;;;;;;;;;;;;;;;;;;;;;;;;;;;;;;
;;;;;;;;;;;;;;;;;;;;;;;;;;;;;;;;;
;;;;;;;;;;;;;;;;;;;;;;;;;;;;;;;;;
;;;;;;;;;;;;;;;;;;;;;;;;;;;;;;;;;
;;;;;;;;;;;;;;;;;;;;;;;;;;;;;;;;;
;;;;;;;;;;;;;;;;;;;;;;;;;;;;;;;;;
;;;;;;;;;;;;;;;;;;;;;;;;;;;;;;;;;
;;;;;;;;;;;;;;;;;;;;;;;;;;;;;;;;;
;;;;;;;;;;;;;;;;;;;;;;;;;;;;;;;;;
;;;;;;;;;;;;;;;;;;;;;;;;;;;;;;;;;
;;;;;;;;;;;;;;;;;;;;;;;;;;;;;;;;;
;;;;;;;;;;;;;;;;;;;;;;;;;;;;;;;;;
;;;;;;;;;;;;;;;;;;;;;;;;;;;;;;;;;
;;;;;;;;;;;;;;;;;;;;;;;;;;;;;;;;;
;;;;;;;;;;;;;;;;;;;;;;;;;;;;;;;;;
;;;;;;;;;;;;;;;;;;;;;;;;;;;;;;;;;
;;;;;;;;;;;;;;;;;;;;;;;;;;;;;;;;;
;;;;;;;;;;;;;;;;;;;;;;;;;;;;;;;;;
;;;;;;;;;;;;;;;;;;;;;;;;;;;;;;;;;
;;;;;;;;;;;;;;;;;;;;;;;;;;;;;;;;;
;;;;;;;;;;;;;;;;;;;;;;;;;;;;;;;;;
;;;;;;;;;;;;;;;;;;;;;;;;;;;;;;;;;
;;;;;;;;;;;;;;;;;;;;;;;;;;;;;;;;;
;;;;;;;;;;;;;;;;;;;;;;;;;;;;;;;;;
;;;;;;;;;;;;;;;;;;;;;;;;;;;;;;;;;
;;;;;;;;;;;;;;;;;;;;;;;;;;;;;;;;;
;;;;;;;;;;;;;;;;;;;;;;;;;;;;;;;;;
;;;;;;;;;;;;;;;;;;;;;;;;;;;;;;;;;
;;;;;;;;;;;;;;;;;;;;;;;;;;;;;;;;;
;;;;;;;;;;;;;;;;;;;;;;;;;;;;;;;;;
;;;;;;;;;;;;;;;;;;;;;;;;;;;;;;;;;
;;;;;;;;;;;;;;;;;;;;;;;;;;;;;;;;;
;;;;;;;;;;;;;;;;;;;;;;;;;;;;;;;;;
;;;;;;;;;;;;;;;;;;;;;;;;;;;;;;;;;
;;;;;;;;;;;;;;;;;;;;;;;;;;;;;;;;;
;;;;;;;;;;;;;;;;;;;;;;;;;;;;;;;;;
;;;;;;;;;;;;;;;;;;;;;;;;;;;;;;;;;
;;;;;;;;;;;;;;;;;;;;;;;;;;;;;;;;;
;;;;;;;;;;;;;;;;;;;;;;;;;;;;;;;;;
;;;;;;;;;;;;;;;;;;;;;;;;;;;;;;;;;
;;;;;;;;;;;;;;;;;;;;;;;;;;;;;;;;;
;;;;;;;;;;;;;;;;;;;;;;;;;;;;;;;;;
;;;;;;;;;;;;;;;;;;;;;;;;;;;;;;;;;
;;;;;;;;;;;;;;;;;;;;;;;;;;;;;;;;;
;;;;;;;;;;;;;;;;;;;;;;;;;;;;;;;;;
;;;;;;;;;;;;;;;;;;;;;;;;;;;;;;;;;
;;;;;;;;;;;;;;;;;;;;;;;;;;;;;;;;;
;;;;;;;;;;;;;;;;;;;;;;;;;;;;;;;;;
;;;;;;;;;;;;;;;;;;;;;;;;;;;;;;;;;
;;;;;;;;;;;;;;;;;;;;;;;;;;;;;;;;;
;;;;;;;;;;;;;;;;;;;;;;;;;;;;;;;;;
;;;;;;;;;;;;;;;;;;;;;;;;;;;;;;;;;
;;;;;;;;;;;;;;;;;;;;;;;;;;;;;;;;;
;;;;;;;;;;;;;;;;;;;;;;;;;;;;;;;;;
;;;;;;;;;;;;;;;;;;;;;;;;;;;;;;;;;
;;;;;;;;;;;;;;;;;;;;;;;;;;;;;;;;;
;;;;;;;;;;;;;;;;;;;;;;;;;;;;;;;;;
;;;;;;;;;;;;;;;;;;;;;;;;;;;;;;;;;
;;;;;;;;;;;;;;;;;;;;;;;;;;;;;;;;;
;;;;;;;;;;;;;;;;;;;;;;;;;;;;;;;;;
;;;;;;;;;;;;;;;;;;;;;;;;;;;;;;;;;
;;;;;;;;;;;;;;;;;;;;;;;;;;;;;;;;;
;;;;;;;;;;;;;;;;;;;;;;;;;;;;;;;;;
;;;;;;;;;;;;;;;;;;;;;;;;;;;;;;;;;
;;;;;;;;;;;;;;;;;;;;;;;;;;;;;;;;;
;;;;;;;;;;;;;;;;;;;;;;;;;;;;;;;;;
;;;;;;;;;;;;;;;;;;;;;;;;;;;;;;;;;
;;;;;;;;;;;;;;;;;;;;;;;;;;;;;;;;;
;;;;;;;;;;;;;;;;;;;;;;;;;;;;;;;;;
;;;;;;;;;;;;;;;;;;;;;;;;;;;;;;;;;
;;;;;;;;;;;;;;;;;;;;;;;;;;;;;;;;;
;;;;;;;;;;;;;;;;;;;;;;;;;;;;;;;;;
;;;;;;;;;;;;;;;;;;;;;;;;;;;;;;;;;
;;;;;;;;;;;;;;;;;;;;;;;;;;;;;;;;;
;;;;;;;;;;;;;;;;;;;;;;;;;;;;;;;;;
;;;;;;;;;;;;;;;;;;;;;;;;;;;;;;;;;
;;;;;;;;;;;;;;;;;;;;;;;;;;;;;;;;;
;;;;;;;;;;;;;;;;;;;;;;;;;;;;;;;;;
;;;;;;;;;;;;;;;;;;;;;;;;;;;;;;;;;
;;;;;;;;;;;;;;;;;;;;;;;;;;;;;;;;;
;;;;;;;;;;;;;;;;;;;;;;;;;;;;;;;;;
;;;;;;;;;;;;;;;;;;;;;;;;;;;;;;;;;
;;;;;;;;;;;;;;;;;;;;;;;;;;;;;;;;;
;;;;;;;;;;;;;;;;;;;;;;;;;;;;;;;;;
;;;;;;;;;;;;;;;;;;;;;;;;;;;;;;;;;
;;;;;;;;;;;;;;;;;;;;;;;;;;;;;;;;;
;;;;;;;;;;;;;;;;;;;;;;;;;;;;;;;;;
;;;;;;;;;;;;;;;;;;;;;;;;;;;;;;;;;
;;;;;;;;;;;;;;;;;;;;;;;;;;;;;;;;;
;;;;;;;;;;;;;;;;;;;;;;;;;;;;;;;;;
;;;;;;;;;;;;;;;;;;;;;;;;;;;;;;;;;
;;;;;;;;;;;;;;;;;;;;;;;;;;;;;;;;;
;;;;;;;;;;;;;;;;;;;;;;;;;;;;;;;;;
;;;;;;;;;;;;;;;;;;;;;;;;;;;;;;;;;
;;;;;;;;;;;;;;;;;;;;;;;;;;;;;;;;;
;;;;;;;;;;;;;;;;;;;;;;;;;;;;;;;;;
;;;;;;;;;;;;;;;;;;;;;;;;;;;;;;;;;
;;;;;;;;;;;;;;;;;;;;;;;;;;;;;;;;;
;;;;;;;;;;;;;;;;;;;;;;;;;;;;;;;;;
;;;;;;;;;;;;;;;;;;;;;;;;;;;;;;;;;
;;;;;;;;;;;;;;;;;;;;;;;;;;;;;;;;;
;;;;;;;;;;;;;;;;;;;;;;;;;;;;;;;;;
;;;;;;;;;;;;;;;;;;;;;;;;;;;;;;;;;
;;;;;;;;;;;;;;;;;;;;;;;;;;;;;;;;;
;;;;;;;;;;;;;;;;;;;;;;;;;;;;;;;;;
;;;;;;;;;;;;;;;;;;;;;;;;;;;;;;;;;
;;;;;;;;;;;;;;;;;;;;;;;;;;;;;;;;;
;;;;;;;;;;;;;;;;;;;;;;;;;;;;;;;;;
;;;;;;;;;;;;;;;;;;;;;;;;;;;;;;;;;
;;;;;;;;;;;;;;;;;;;;;;;;;;;;;;;;;
;;;;;;;;;;;;;;;;;;;;;;;;;;;;;;;;;
;;;;;;;;;;;;;;;;;;;;;;;;;;;;;;;;;
;;;;;;;;;;;;;;;;;;;;;;;;;;;;;;;;;
;;;;;;;;;;;;;;;;;;;;;;;;;;;;;;;;;
;;;;;;;;;;;;;;;;;;;;;;;;;;;;;;;;;
;;;;;;;;;;;;;;;;;;;;;;;;;;;;;;;;;
;;;;;;;;;;;;;;;;;;;;;;;;;;;;;;;;;
;;;;;;;;;;;;;;;;;;;;;;;;;;;;;;;;;
;;;;;;;;;;;;;;;;;;;;;;;;;;;;;;;;;
;;;;;;;;;;;;;;;;;;;;;;;;;;;;;;;;;
;;;;;;;;;;;;;;;;;;;;;;;;;;;;;;;;;
;;;;;;;;;;;;;;;;;;;;;;;;;;;;;;;;;
;;;;;;;;;;;;;;;;;;;;;;;;;;;;;;;;;
;;;;;;;;;;;;;;;;;;;;;;;;;;;;;;;;;
;;;;;;;;;;;;;;;;;;;;;;;;;;;;;;;;;
;;;;;;;;;;;;;;;;;;;;;;;;;;;;;;;;;
;;;;;;;;;;;;;;;;;;;;;;;;;;;;;;;;;
;;;;;;;;;;;;;;;;;;;;;;;;;;;;;;;;;
;;;;;;;;;;;;;;;;;;;;;;;;;;;;;;;;;
;;;;;;;;;;;;;;;;;;;;;;;;;;;;;;;;;
;;;;;;;;;;;;;;;;;;;;;;;;;;;;;;;;;
;;;;;;;;;;;;;;;;;;;;;;;;;;;;;;;;;
;;;;;;;;;;;;;;;;;;;;;;;;;;;;;;;;;
;;;;;;;;;;;;;;;;;;;;;;;;;;;;;;;;;
;;;;;;;;;;;;;;;;;;;;;;;;;;;;;;;;;
;;;;;;;;;;;;;;;;;;;;;;;;;;;;;;;;;
;;;;;;;;;;;;;;;;;;;;;;;;;;;;;;;;;
;;;;;;;;;;;;;;;;;;;;;;;;;;;;;;;;;
;;;;;;;;;;;;;;;;;;;;;;;;;;;;;;;;;
;;;;;;;;;;;;;;;;;;;;;;;;;;;;;;;;;
;;;;;;;;;;;;;;;;;;;;;;;;;;;;;;;;;
;;;;;;;;;;;;;;;;;;;;;;;;;;;;;;;;;
;;;;;;;;;;;;;;;;;;;;;;;;;;;;;;;;;
;;;;;;;;;;;;;;;;;;;;;;;;;;;;;;;;;
;;;;;;;;;;;;;;;;;;;;;;;;;;;;;;;;;
;;;;;;;;;;;;;;;;;;;;;;;;;;;;;;;;;
;;;;;;;;;;;;;;;;;;;;;;;;;;;;;;;;;
;;;;;;;;;;;;;;;;;;;;;;;;;;;;;;;;;
;;;;;;;;;;;;;;;;;;;;;;;;;;;;;;;;;
;;;;;;;;;;;;;;;;;;;;;;;;;;;;;;;;;
;;;;;;;;;;;;;;;;;;;;;;;;;;;;;;;;;
;;;;;;;;;;;;;;;;;;;;;;;;;;;;;;;;;
;;;;;;;;;;;;;;;;;;;;;;;;;;;;;;;;;
;;;;;;;;;;;;;;;;;;;;;;;;;;;;;;;;;
;;;;;;;;;;;;;;;;;;;;;;;;;;;;;;;;;
;;;;;;;;;;;;;;;;;;;;;;;;;;;;;;;;;
;;;;;;;;;;;;;;;;;;;;;;;;;;;;;;;;;
;;;;;;;;;;;;;;;;;;;;;;;;;;;;;;;;;
;;;;;;;;;;;;;;;;;;;;;;;;;;;;;;;;;
;;;;;;;;;;;;;;;;;;;;;;;;;;;;;;;;;
;;;;;;;;;;;;;;;;;;;;;;;;;;;;;;;;;
;;;;;;;;;;;;;;;;;;;;;;;;;;;;;;;;;
;;;;;;;;;;;;;;;;;;;;;;;;;;;;;;;;;
;;;;;;;;;;;;;;;;;;;;;;;;;;;;;;;;;
;;;;;;;;;;;;;;;;;;;;;;;;;;;;;;;;;
;;;;;;;;;;;;;;;;;;;;;;;;;;;;;;;;;
;;;;;;;;;;;;;;;;;;;;;;;;;;;;;;;;;
;;;;;;;;;;;;;;;;;;;;;;;;;;;;;;;;;
;;;;;;;;;;;;;;;;;;;;;;;;;;;;;;;;;
;;;;;;;;;;;;;;;;;;;;;;;;;;;;;;;;;
;;;;;;;;;;;;;;;;;;;;;;;;;;;;;;;;;
;;;;;;;;;;;;;;;;;;;;;;;;;;;;;;;;;
;;;;;;;;;;;;;;;;;;;;;;;;;;;;;;;;;
;;;;;;;;;;;;;;;;;;;;;;;;;;;;;;;;;
;;;;;;;;;;;;;;;;;;;;;;;;;;;;;;;;;
;;;;;;;;;;;;;;;;;;;;;;;;;;;;;;;;;
;;;;;;;;;;;;;;;;;;;;;;;;;;;;;;;;;
;;;;;;;;;;;;;;;;;;;;;;;;;;;;;;;;;
;;;;;;;;;;;;;;;;;;;;;;;;;;;;;;;;;
;;;;;;;;;;;;;;;;;;;;;;;;;;;;;;;;;
;;;;;;;;;;;;;;;;;;;;;;;;;;;;;;;;;
;;;;;;;;;;;;;;;;;;;;;;;;;;;;;;;;;
;;;;;;;;;;;;;;;;;;;;;;;;;;;;;;;;;
;;;;;;;;;;;;;;;;;;;;;;;;;;;;;;;;;
;;;;;;;;;;;;;;;;;;;;;;;;;;;;;;;;;
;;;;;;;;;;;;;;;;;;;;;;;;;;;;;;;;;
;;;;;;;;;;;;;;;;;;;;;;;;;;;;;;;;;
;;;;;;;;;;;;;;;;;;;;;;;;;;;;;;;;;
;;;;;;;;;;;;;;;;;;;;;;;;;;;;;;;;;
;;;;;;;;;;;;;;;;;;;;;;;;;;;;;;;;;
;;;;;;;;;;;;;;;;;;;;;;;;;;;;;;;;;
;;;;;;;;;;;;;;;;;;;;;;;;;;;;;;;;;
;;;;;;;;;;;;;;;;;;;;;;;;;;;;;;;;;
;;;;;;;;;;;;;;;;;;;;;;;;;;;;;;;;;
;;;;;;;;;;;;;;;;;;;;;;;;;;;;;;;;;
;;;;;;;;;;;;;;;;;;;;;;;;;;;;;;;;;
;;;;;;;;;;;;;;;;;;;;;;;;;;;;;;;;;
;;;;;;;;;;;;;;;;;;;;;;;;;;;;;;;;;
;;;;;;;;;;;;;;;;;;;;;;;;;;;;;;;;;
;;;;;;;;;;;;;;;;;;;;;;;;;;;;;;;;;
;;;;;;;;;;;;;;;;;;;;;;;;;;;;;;;;;
;;;;;;;;;;;;;;;;;;;;;;;;;;;;;;;;;
;;;;;;;;;;;;;;;;;;;;;;;;;;;;;;;;;
;;;;;;;;;;;;;;;;;;;;;;;;;;;;;;;;;
;;;;;;;;;;;;;;;;;;;;;;;;;;;;;;;;;
;;;;;;;;;;;;;;;;;;;;;;;;;;;;;;;;;
;;;;;;;;;;;;;;;;;;;;;;;;;;;;;;;;;
;;;;;;;;;;;;;;;;;;;;;;;;;;;;;;;;;
;;;;;;;;;;;;;;;;;;;;;;;;;;;;;;;;;
;;;;;;;;;;;;;;;;;;;;;;;;;;;;;;;;;
;;;;;;;;;;;;;;;;;;;;;;;;;;;;;;;;;
;;;;;;;;;;;;;;;;;;;;;;;;;;;;;;;;;
;;;;;;;;;;;;;;;;;;;;;;;;;;;;;;;;;
;;;;;;;;;;;;;;;;;;;;;;;;;;;;;;;;;
;;;;;;;;;;;;;;;;;;;;;;;;;;;;;;;;;
;;;;;;;;;;;;;;;;;;;;;;;;;;;;;;;;;
;;;;;;;;;;;;;;;;;;;;;;;;;;;;;;;;;
;;;;;;;;;;;;;;;;;;;;;;;;;;;;;;;;;
;;;;;;;;;;;;;;;;;;;;;;;;;;;;;;;;;
;;;;;;;;;;;;;;;;;;;;;;;;;;;;;;;;;
;;;;;;;;;;;;;;;;;;;;;;;;;;;;;;;;;
;;;;;;;;;;;;;;;;;;;;;;;;;;;;;;;;;
;;;;;;;;;;;;;;;;;;;;;;;;;;;;;;;;;
;;;;;;;;;;;;;;;;;;;;;;;;;;;;;;;;;
;;;;;;;;;;;;;;;;;;;;;;;;;;;;;;;;;
;;;;;;;;;;;;;;;;;;;;;;;;;;;;;;;;;
;;;;;;;;;;;;;;;;;;;;;;;;;;;;;;;;;
;;;;;;;;;;;;;;;;;;;;;;;;;;;;;;;;;
;;;;;;;;;;;;;;;;;;;;;;;;;;;;;;;;;
;;;;;;;;;;;;;;;;;;;;;;;;;;;;;;;;;
;;;;;;;;;;;;;;;;;;;;;;;;;;;;;;;;;
;;;;;;;;;;;;;;;;;;;;;;;;;;;;;;;;;
;;;;;;;;;;;;;;;;;;;;;;;;;;;;;;;;;
;;;;;;;;;;;;;;;;;;;;;;;;;;;;;;;;;
;;;;;;;;;;;;;;;;;;;;;;;;;;;;;;;;;
;;;;;;;;;;;;;;;;;;;;;;;;;;;;;;;;;
;;;;;;;;;;;;;;;;;;;;;;;;;;;;;;;;;
;;;;;;;;;;;;;;;;;;;;;;;;;;;;;;;;;
;;;;;;;;;;;;;;;;;;;;;;;;;;;;;;;;;
;;;;;;;;;;;;;;;;;;;;;;;;;;;;;;;;;
;;;;;;;;;;;;;;;;;;;;;;;;;;;;;;;;;
;;;;;;;;;;;;;;;;;;;;;;;;;;;;;;;;;
;;;;;;;;;;;;;;;;;;;;;;;;;;;;;;;;;
;;;;;;;;;;;;;;;;;;;;;;;;;;;;;;;;;
;;;;;;;;;;;;;;;;;;;;;;;;;;;;;;;;;
;;;;;;;;;;;;;;;;;;;;;;;;;;;;;;;;;
;;;;;;;;;;;;;;;;;;;;;;;;;;;;;;;;;
;;;;;;;;;;;;;;;;;;;;;;;;;;;;;;;;;
;;;;;;;;;;;;;;;;;;;;;;;;;;;;;;;;;
;;;;;;;;;;;;;;;;;;;;;;;;;;;;;;;;;
;;;;;;;;;;;;;;;;;;;;;;;;;;;;;;;;;
;;;;;;;;;;;;;;;;;;;;;;;;;;;;;;;;;
;;;;;;;;;;;;;;;;;;;;;;;;;;;;;;;;;
;;;;;;;;;;;;;;;;;;;;;;;;;;;;;;;;;
;;;;;;;;;;;;;;;;;;;;;;;;;;;;;;;;;
;;;;;;;;;;;;;;;;;;;;;;;;;;;;;;;;;
;;;;;;;;;;;;;;;;;;;;;;;;;;;;;;;;;
;;;;;;;;;;;;;;;;;;;;;;;;;;;;;;;;;
;;;;;;;;;;;;;;;;;;;;;;;;;;;;;;;;;
;;;;;;;;;;;;;;;;;;;;;;;;;;;;;;;;;
;;;;;;;;;;;;;;;;;;;;;;;;;;;;;;;;;
;;;;;;;;;;;;;;;;;;;;;;;;;;;;;;;;;
;;;;;;;;;;;;;;;;;;;;;;;;;;;;;;;;;
;;;;;;;;;;;;;;;;;;;;;;;;;;;;;;;;;
;;;;;;;;;;;;;;;;;;;;;;;;;;;;;;;;;
;;;;;;;;;;;;;;;;;;;;;;;;;;;;;;;;;
;;;;;;;;;;;;;;;;;;;;;;;;;;;;;;;;;
;;;;;;;;;;;;;;;;;;;;;;;;;;;;;;;;;
;;;;;;;;;;;;;;;;;;;;;;;;;;;;;;;;;
;;;;;;;;;;;;;;;;;;;;;;;;;;;;;;;;;
;;;;;;;;;;;;;;;;;;;;;;;;;;;;;;;;;
;;;;;;;;;;;;;;;;;;;;;;;;;;;;;;;;;
;;;;;;;;;;;;;;;;;;;;;;;;;;;;;;;;;
;;;;;;;;;;;;;;;;;;;;;;;;;;;;;;;;;
;;;;;;;;;;;;;;;;;;;;;;;;;;;;;;;;;
;;;;;;;;;;;;;;;;;;;;;;;;;;;;;;;;;
;;;;;;;;;;;;;;;;;;;;;;;;;;;;;;;;;
;;;;;;;;;;;;;;;;;;;;;;;;;;;;;;;;;
;;;;;;;;;;;;;;;;;;;;;;;;;;;;;;;;;
;;;;;;;;;;;;;;;;;;;;;;;;;;;;;;;;;
;;;;;;;;;;;;;;;;;;;;;;;;;;;;;;;;;
;;;;;;;;;;;;;;;;;;;;;;;;;;;;;;;;;
;;;;;;;;;;;;;;;;;;;;;;;;;;;;;;;;;
;;;;;;;;;;;;;;;;;;;;;;;;;;;;;;;;;
;;;;;;;;;;;;;;;;;;;;;;;;;;;;;;;;;
;;;;;;;;;;;;;;;;;;;;;;;;;;;;;;;;;
;;;;;;;;;;;;;;;;;;;;;;;;;;;;;;;;;
;;;;;;;;;;;;;;;;;;;;;;;;;;;;;;;;;
;;;;;;;;;;;;;;;;;;;;;;;;;;;;;;;;;
;;;;;;;;;;;;;;;;;;;;;;;;;;;;;;;;;
;;;;;;;;;;;;;;;;;;;;;;;;;;;;;;;;;
;;;;;;;;;;;;;;;;;;;;;;;;;;;;;;;;;
;;;;;;;;;;;;;;;;;;;;;;;;;;;;;;;;;
;;;;;;;;;;;;;;;;;;;;;;;;;;;;;;;;;
;;;;;;;;;;;;;;;;;;;;;;;;;;;;;;;;;
;;;;;;;;;;;;;;;;;;;;;;;;;;;;;;;;;
;;;;;;;;;;;;;;;;;;;;;;;;;;;;;;;;;
;;;;;;;;;;;;;;;;;;;;;;;;;;;;;;;;;
;;;;;;;;;;;;;;;;;;;;;;;;;;;;;;;;;
;;;;;;;;;;;;;;;;;;;;;;;;;;;;;;;;;
;;;;;;;;;;;;;;;;;;;;;;;;;;;;;;;;;
;;;;;;;;;;;;;;;;;;;;;;;;;;;;;;;;;
;;;;;;;;;;;;;;;;;;;;;;;;;;;;;;;;;
;;;;;;;;;;;;;;;;;;;;;;;;;;;;;;;;;
;;;;;;;;;;;;;;;;;;;;;;;;;;;;;;;;;
;;;;;;;;;;;;;;;;;;;;;;;;;;;;;;;;;
;;;;;;;;;;;;;;;;;;;;;;;;;;;;;;;;;
;;;;;;;;;;;;;;;;;;;;;;;;;;;;;;;;;
;;;;;;;;;;;;;;;;;;;;;;;;;;;;;;;;;
;;;;;;;;;;;;;;;;;;;;;;;;;;;;;;;;;
;;;;;;;;;;;;;;;;;;;;;;;;;;;;;;;;;
;;;;;;;;;;;;;;;;;;;;;;;;;;;;;;;;;
;;;;;;;;;;;;;;;;;;;;;;;;;;;;;;;;;
;;;;;;;;;;;;;;;;;;;;;;;;;;;;;;;;;
;;;;;;;;;;;;;;;;;;;;;;;;;;;;;;;;;
;;;;;;;;;;;;;;;;;;;;;;;;;;;;;;;;;
;;;;;;;;;;;;;;;;;;;;;;;;;;;;;;;;;
;;;;;;;;;;;;;;;;;;;;;;;;;;;;;;;;;
;;;;;;;;;;;;;;;;;;;;;;;;;;;;;;;;;
;;;;;;;;;;;;;;;;;;;;;;;;;;;;;;;;;
;;;;;;;;;;;;;;;;;;;;;;;;;;;;;;;;;
;;;;;;;;;;;;;;;;;;;;;;;;;;;;;;;;;
;;;;;;;;;;;;;;;;;;;;;;;;;;;;;;;;;
;;;;;;;;;;;;;;;;;;;;;;;;;;;;;;;;;
;;;;;;;;;;;;;;;;;;;;;;;;;;;;;;;;;
;;;;;;;;;;;;;;;;;;;;;;;;;;;;;;;;;
;;;;;;;;;;;;;;;;;;;;;;;;;;;;;;;;;
;;;;;;;;;;;;;;;;;;;;;;;;;;;;;;;;;
;;;;;;;;;;;;;;;;;;;;;;;;;;;;;;;;;
;;;;;;;;;;;;;;;;;;;;;;;;;;;;;;;;;
;;;;;;;;;;;;;;;;;;;;;;;;;;;;;;;;;
;;;;;;;;;;;;;;;;;;;;;;;;;;;;;;;;;
;;;;;;;;;;;;;;;;;;;;;;;;;;;;;;;;;
;;;;;;;;;;;;;;;;;;;;;;;;;;;;;;;;;
;;;;;;;;;;;;;;;;;;;;;;;;;;;;;;;;;
;;;;;;;;;;;;;;;;;;;;;;;;;;;;;;;;;
;;;;;;;;;;;;;;;;;;;;;;;;;;;;;;;;;
;;;;;;;;;;;;;;;;;;;;;;;;;;;;;;;;;
;;;;;;;;;;;;;;;;;;;;;;;;;;;;;;;;;
;;;;;;;;;;;;;;;;;;;;;;;;;;;;;;;;;
;;;;;;;;;;;;;;;;;;;;;;;;;;;;;;;;;
;;;;;;;;;;;;;;;;;;;;;;;;;;;;;;;;;
;;;;;;;;;;;;;;;;;;;;;;;;;;;;;;;;;
;;;;;;;;;;;;;;;;;;;;;;;;;;;;;;;;;
;;;;;;;;;;;;;;;;;;;;;;;;;;;;;;;;;
;;;;;;;;;;;;;;;;;;;;;;;;;;;;;;;;;
;;;;;;;;;;;;;;;;;;;;;;;;;;;;;;;;;
;;;;;;;;;;;;;;;;;;;;;;;;;;;;;;;;;
;;;;;;;;;;;;;;;;;;;;;;;;;;;;;;;;;
;;;;;;;;;;;;;;;;;;;;;;;;;;;;;;;;;
;;;;;;;;;;;;;;;;;;;;;;;;;;;;;;;;;
;;;;;;;;;;;;;;;;;;;;;;;;;;;;;;;;;
;;;;;;;;;;;;;;;;;;;;;;;;;;;;;;;;;
;;;;;;;;;;;;;;;;;;;;;;;;;;;;;;;;;
;;;;;;;;;;;;;;;;;;;;;;;;;;;;;;;;;
;;;;;;;;;;;;;;;;;;;;;;;;;;;;;;;;;
;;;;;;;;;;;;;;;;;;;;;;;;;;;;;;;;;
;;;;;;;;;;;;;;;;;;;;;;;;;;;;;;;;;
;;;;;;;;;;;;;;;;;;;;;;;;;;;;;;;;;
;;;;;;;;;;;;;;;;;;;;;;;;;;;;;;;;;
;;;;;;;;;;;;;;;;;;;;;;;;;;;;;;;;;
;;;;;;;;;;;;;;;;;;;;;;;;;;;;;;;;;
;;;;;;;;;;;;;;;;;;;;;;;;;;;;;;;;;
;;;;;;;;;;;;;;;;;;;;;;;;;;;;;;;;;
;;;;;;;;;;;;;;;;;;;;;;;;;;;;;;;;;
;;;;;;;;;;;;;;;;;;;;;;;;;;;;;;;;;
;;;;;;;;;;;;;;;;;;;;;;;;;;;;;;;;;
;;;;;;;;;;;;;;;;;;;;;;;;;;;;;;;;;
;;;;;;;;;;;;;;;;;;;;;;;;;;;;;;;;;
;;;;;;;;;;;;;;;;;;;;;;;;;;;;;;;;;
;;;;;;;;;;;;;;;;;;;;;;;;;;;;;;;;;
;;;;;;;;;;;;;;;;;;;;;;;;;;;;;;;;;
;;;;;;;;;;;;;;;;;;;;;;;;;;;;;;;;;
;;;;;;;;;;;;;;;;;;;;;;;;;;;;;;;;;
;;;;;;;;;;;;;;;;;;;;;;;;;;;;;;;;;
;;;;;;;;;;;;;;;;;;;;;;;;;;;;;;;;;
;;;;;;;;;;;;;;;;;;;;;;;;;;;;;;;;;
;;;;;;;;;;;;;;;;;;;;;;;;;;;;;;;;;
;;;;;;;;;;;;;;;;;;;;;;;;;;;;;;;;;
;;;;;;;;;;;;;;;;;;;;;;;;;;;;;;;;;
;;;;;;;;;;;;;;;;;;;;;;;;;;;;;;;;;
;;;;;;;;;;;;;;;;;;;;;;;;;;;;;;;;;
;;;;;;;;;;;;;;;;;;;;;;;;;;;;;;;;;
;;;;;;;;;;;;;;;;;;;;;;;;;;;;;;;;;
;;;;;;;;;;;;;;;;;;;;;;;;;;;;;;;;;
;;;;;;;;;;;;;;;;;;;;;;;;;;;;;;;;;
;;;;;;;;;;;;;;;;;;;;;;;;;;;;;;;;;
;;;;;;;;;;;;;;;;;;;;;;;;;;;;;;;;;
;;;;;;;;;;;;;;;;;;;;;;;;;;;;;;;;;
;;;;;;;;;;;;;;;;;;;;;;;;;;;;;;;;;
;;;;;;;;;;;;;;;;;;;;;;;;;;;;;;;;;
;;;;;;;;;;;;;;;;;;;;;;;;;;;;;;;;;
;;;;;;;;;;;;;;;;;;;;;;;;;;;;;;;;;
;;;;;;;;;;;;;;;;;;;;;;;;;;;;;;;;;
;;;;;;;;;;;;;;;;;;;;;;;;;;;;;;;;;
;;;;;;;;;;;;;;;;;;;;;;;;;;;;;;;;;
;;;;;;;;;;;;;;;;;;;;;;;;;;;;;;;;;
;;;;;;;;;;;;;;;;;;;;;;;;;;;;;;;;;
;;;;;;;;;;;;;;;;;;;;;;;;;;;;;;;;;
;;;;;;;;;;;;;;;;;;;;;;;;;;;;;;;;;
;;;;;;;;;;;;;;;;;;;;;;;;;;;;;;;;;
;;;;;;;;;;;;;;;;;;;;;;;;;;;;;;;;;
;;;;;;;;;;;;;;;;;;;;;;;;;;;;;;;;;
;;;;;;;;;;;;;;;;;;;;;;;;;;;;;;;;;
;;;;;;;;;;;;;;;;;;;;;;;;;;;;;;;;;
;;;;;;;;;;;;;;;;;;;;;;;;;;;;;;;;;
;;;;;;;;;;;;;;;;;;;;;;;;;;;;;;;;;
;;;;;;;;;;;;;;;;;;;;;;;;;;;;;;;;;
;;;;;;;;;;;;;;;;;;;;;;;;;;;;;;;;;
;;;;;;;;;;;;;;;;;;;;;;;;;;;;;;;;;
;;;;;;;;;;;;;;;;;;;;;;;;;;;;;;;;;
;;;;;;;;;;;;;;;;;;;;;;;;;;;;;;;;;
;;;;;;;;;;;;;;;;;;;;;;;;;;;;;;;;;
;;;;;;;;;;;;;;;;;;;;;;;;;;;;;;;;;
;;;;;;;;;;;;;;;;;;;;;;;;;;;;;;;;;
;;;;;;;;;;;;;;;;;;;;;;;;;;;;;;;;;
;;;;;;;;;;;;;;;;;;;;;;;;;;;;;;;;;
;;;;;;;;;;;;;;;;;;;;;;;;;;;;;;;;;
;;;;;;;;;;;;;;;;;;;;;;;;;;;;;;;;;
;;;;;;;;;;;;;;;;;;;;;;;;;;;;;;;;;
;;;;;;;;;;;;;;;;;;;;;;;;;;;;;;;;;
;;;;;;;;;;;;;;;;;;;;;;;;;;;;;;;;;
;;;;;;;;;;;;;;;;;;;;;;;;;;;;;;;;;
;;;;;;;;;;;;;;;;;;;;;;;;;;;;;;;;;
;;;;;;;;;;;;;;;;;;;;;;;;;;;;;;;;;
;;;;;;;;;;;;;;;;;;;;;;;;;;;;;;;;;
;;;;;;;;;;;;;;;;;;;;;;;;;;;;;;;;;
;;;;;;;;;;;;;;;;;;;;;;;;;;;;;;;;;
;;;;;;;;;;;;;;;;;;;;;;;;;;;;;;;;;
;;;;;;;;;;;;;;;;;;;;;;;;;;;;;;;;;
;;;;;;;;;;;;;;;;;;;;;;;;;;;;;;;;;
;;;;;;;;;;;;;;;;;;;;;;;;;;;;;;;;;
;;;;;;;;;;;;;;;;;;;;;;;;;;;;;;;;;
;;;;;;;;;;;;;;;;;;;;;;;;;;;;;;;;;
;;;;;;;;;;;;;;;;;;;;;;;;;;;;;;;;;
;;;;;;;;;;;;;;;;;;;;;;;;;;;;;;;;;
;;;;;;;;;;;;;;;;;;;;;;;;;;;;;;;;;
;;;;;;;;;;;;;;;;;;;;;;;;;;;;;;;;;
;;;;;;;;;;;;;;;;;;;;;;;;;;;;;;;;;
;;;;;;;;;;;;;;;;;;;;;;;;;;;;;;;;;
;;;;;;;;;;;;;;;;;;;;;;;;;;;;;;;;;
;;;;;;;;;;;;;;;;;;;;;;;;;;;;;;;;;
;;;;;;;;;;;;;;;;;;;;;;;;;;;;;;;;;
;;;;;;;;;;;;;;;;;;;;;;;;;;;;;;;;;
;;;;;;;;;;;;;;;;;;;;;;;;;;;;;;;;;
;;;;;;;;;;;;;;;;;;;;;;;;;;;;;;;;;
;;;;;;;;;;;;;;;;;;;;;;;;;;;;;;;;;
;;;;;;;;;;;;;;;;;;;;;;;;;;;;;;;;;
;;;;;;;;;;;;;;;;;;;;;;;;;;;;;;;;;
;;;;;;;;;;;;;;;;;;;;;;;;;;;;;;;;;
;;;;;;;;;;;;;;;;;;;;;;;;;;;;;;;;;
;;;;;;;;;;;;;;;;;;;;;;;;;;;;;;;;;
;;;;;;;;;;;;;;;;;;;;;;;;;;;;;;;;;
;;;;;;;;;;;;;;;;;;;;;;;;;;;;;;;;;
;;;;;;;;;;;;;;;;;;;;;;;;;;;;;;;;;
;;;;;;;;;;;;;;;;;;;;;;;;;;;;;;;;;
;;;;;;;;;;;;;;;;;;;;;;;;;;;;;;;;;
;;;;;;;;;;;;;;;;;;;;;;;;;;;;;;;;;
;;;;;;;;;;;;;;;;;;;;;;;;;;;;;;;;;
;;;;;;;;;;;;;;;;;;;;;;;;;;;;;;;;;
;;;;;;;;;;;;;;;;;;;;;;;;;;;;;;;;;
;;;;;;;;;;;;;;;;;;;;;;;;;;;;;;;;;
;;;;;;;;;;;;;;;;;;;;;;;;;;;;;;;;;
;;;;;;;;;;;;;;;;;;;;;;;;;;;;;;;;;
;;;;;;;;;;;;;;;;;;;;;;;;;;;;;;;;;
;;;;;;;;;;;;;;;;;;;;;;;;;;;;;;;;;
;;;;;;;;;;;;;;;;;;;;;;;;;;;;;;;;;
;;;;;;;;;;;;;;;;;;;;;;;;;;;;;;;;;
;;;;;;;;;;;;;;;;;;;;;;;;;;;;;;;;;
;;;;;;;;;;;;;;;;;;;;;;;;;;;;;;;;;
;;;;;;;;;;;;;;;;;;;;;;;;;;;;;;;;;
;;;;;;;;;;;;;;;;;;;;;;;;;;;;;;;;;
;;;;;;;;;;;;;;;;;;;;;;;;;;;;;;;;;
;;;;;;;;;;;;;;;;;;;;;;;;;;;;;;;;;
;;;;;;;;;;;;;;;;;;;;;;;;;;;;;;;;;
;;;;;;;;;;;;;;;;;;;;;;;;;;;;;;;;;
;;;;;;;;;;;;;;;;;;;;;;;;;;;;;;;;;
;;;;;;;;;;;;;;;;;;;;;;;;;;;;;;;;;
;;;;;;;;;;;;;;;;;;;;;;;;;;;;;;;;;
;;;;;;;;;;;;;;;;;;;;;;;;;;;;;;;;;
;;;;;;;;;;;;;;;;;;;;;;;;;;;;;;;;;
;;;;;;;;;;;;;;;;;;;;;;;;;;;;;;;;;
;;;;;;;;;;;;;;;;;;;;;;;;;;;;;;;;;
;;;;;;;;;;;;;;;;;;;;;;;;;;;;;;;;;
;;;;;;;;;;;;;;;;;;;;;;;;;;;;;;;;;
;;;;;;;;;;;;;;;;;;;;;;;;;;;;;;;;;
;;;;;;;;;;;;;;;;;;;;;;;;;;;;;;;;;
;;;;;;;;;;;;;;;;;;;;;;;;;;;;;;;;;
;;;;;;;;;;;;;;;;;;;;;;;;;;;;;;;;;
;;;;;;;;;;;;;;;;;;;;;;;;;;;;;;;;;
;;;;;;;;;;;;;;;;;;;;;;;;;;;;;;;;;
;;;;;;;;;;;;;;;;;;;;;;;;;;;;;;;;;
;;;;;;;;;;;;;;;;;;;;;;;;;;;;;;;;;
;;;;;;;;;;;;;;;;;;;;;;;;;;;;;;;;;
;;;;;;;;;;;;;;;;;;;;;;;;;;;;;;;;;
;;;;;;;;;;;;;;;;;;;;;;;;;;;;;;;;;
;;;;;;;;;;;;;;;;;;;;;;;;;;;;;;;;;
;;;;;;;;;;;;;;;;;;;;;;;;;;;;;;;;;
;;;;;;;;;;;;;;;;;;;;;;;;;;;;;;;;;
;;;;;;;;;;;;;;;;;;;;;;;;;;;;;;;;;
;;;;;;;;;;;;;;;;;;;;;;;;;;;;;;;;;
;;;;;;;;;;;;;;;;;;;;;;;;;;;;;;;;;
;;;;;;;;;;;;;;;;;;;;;;;;;;;;;;;;;
;;;;;;;;;;;;;;;;;;;;;;;;;;;;;;;;;
;;;;;;;;;;;;;;;;;;;;;;;;;;;;;;;;;
;;;;;;;;;;;;;;;;;;;;;;;;;;;;;;;;;
;;;;;;;;;;;;;;;;;;;;;;;;;;;;;;;;;
;;;;;;;;;;;;;;;;;;;;;;;;;;;;;;;;;
;;;;;;;;;;;;;;;;;;;;;;;;;;;;;;;;;
;;;;;;;;;;;;;;;;;;;;;;;;;;;;;;;;;
;;;;;;;;;;;;;;;;;;;;;;;;;;;;;;;;;
;;;;;;;;;;;;;;;;;;;;;;;;;;;;;;;;;
;;;;;;;;;;;;;;;;;;;;;;;;;;;;;;;;;
;;;;;;;;;;;;;;;;;;;;;;;;;;;;;;;;;
;;;;;;;;;;;;;;;;;;;;;;;;;;;;;;;;;
;;;;;;;;;;;;;;;;;;;;;;;;;;;;;;;;;
;;;;;;;;;;;;;;;;;;;;;;;;;;;;;;;;;
;;;;;;;;;;;;;;;;;;;;;;;;;;;;;;;;;
;;;;;;;;;;;;;;;;;;;;;;;;;;;;;;;;;
;;;;;;;;;;;;;;;;;;;;;;;;;;;;;;;;;
;;;;;;;;;;;;;;;;;;;;;;;;;;;;;;;;;
;;;;;;;;;;;;;;;;;;;;;;;;;;;;;;;;;
;;;;;;;;;;;;;;;;;;;;;;;;;;;;;;;;;
;;;;;;;;;;;;;;;;;;;;;;;;;;;;;;;;;
;;;;;;;;;;;;;;;;;;;;;;;;;;;;;;;;;
;;;;;;;;;;;;;;;;;;;;;;;;;;;;;;;;;
;;;;;;;;;;;;;;;;;;;;;;;;;;;;;;;;;
;;;;;;;;;;;;;;;;;;;;;;;;;;;;;;;;;
;;;;;;;;;;;;;;;;;;;;;;;;;;;;;;;;;
;;;;;;;;;;;;;;;;;;;;;;;;;;;;;;;;;
;;;;;;;;;;;;;;;;;;;;;;;;;;;;;;;;;
;;;;;;;;;;;;;;;;;;;;;;;;;;;;;;;;;
;;;;;;;;;;;;;;;;;;;;;;;;;;;;;;;;;
;;;;;;;;;;;;;;;;;;;;;;;;;;;;;;;;;
;;;;;;;;;;;;;;;;;;;;;;;;;;;;;;;;;
;;;;;;;;;;;;;;;;;;;;;;;;;;;;;;;;;
;;;;;;;;;;;;;;;;;;;;;;;;;;;;;;;;;
;;;;;;;;;;;;;;;;;;;;;;;;;;;;;;;;;
;;;;;;;;;;;;;;;;;;;;;;;;;;;;;;;;;
;;;;;;;;;;;;;;;;;;;;;;;;;;;;;;;;;
;;;;;;;;;;;;;;;;;;;;;;;;;;;;;;;;;
;;;;;;;;;;;;;;;;;;;;;;;;;;;;;;;;;
;;;;;;;;;;;;;;;;;;;;;;;;;;;;;;;;;
;;;;;;;;;;;;;;;;;;;;;;;;;;;;;;;;;
;;;;;;;;;;;;;;;;;;;;;;;;;;;;;;;;;
;;;;;;;;;;;;;;;;;;;;;;;;;;;;;;;;;
;;;;;;;;;;;;;;;;;;;;;;;;;;;;;;;;;
;;;;;;;;;;;;;;;;;;;;;;;;;;;;;;;;;
;;;;;;;;;;;;;;;;;;;;;;;;;;;;;;;;;
;;;;;;;;;;;;;;;;;;;;;;;;;;;;;;;;;
;;;;;;;;;;;;;;;;;;;;;;;;;;;;;;;;;
;;;;;;;;;;;;;;;;;;;;;;;;;;;;;;;;;
;;;;;;;;;;;;;;;;;;;;;;;;;;;;;;;;;
;;;;;;;;;;;;;;;;;;;;;;;;;;;;;;;;;
;;;;;;;;;;;;;;;;;;;;;;;;;;;;;;;;;
;;;;;;;;;;;;;;;;;;;;;;;;;;;;;;;;;
;;;;;;;;;;;;;;;;;;;;;;;;;;;;;;;;;
;;;;;;;;;;;;;;;;;;;;;;;;;;;;;;;;;
;;;;;;;;;;;;;;;;;;;;;;;;;;;;;;;;;
;;;;;;;;;;;;;;;;;;;;;;;;;;;;;;;;;
;;;;;;;;;;;;;;;;;;;;;;;;;;;;;;;;;
;;;;;;;;;;;;;;;;;;;;;;;;;;;;;;;;;
;;;;;;;;;;;;;;;;;;;;;;;;;;;;;;;;;
;;;;;;;;;;;;;;;;;;;;;;;;;;;;;;;;;
;;;;;;;;;;;;;;;;;;;;;;;;;;;;;;;;;
;;;;;;;;;;;;;;;;;;;;;;;;;;;;;;;;;
;;;;;;;;;;;;;;;;;;;;;;;;;;;;;;;;;
;;;;;;;;;;;;;;;;;;;;;;;;;;;;;;;;;
;;;;;;;;;;;;;;;;;;;;;;;;;;;;;;;;;
;;;;;;;;;;;;;;;;;;;;;;;;;;;;;;;;;
;;;;;;;;;;;;;;;;;;;;;;;;;;;;;;;;;
;;;;;;;;;;;;;;;;;;;;;;;;;;;;;;;;;
;;;;;;;;;;;;;;;;;;;;;;;;;;;;;;;;;
;;;;;;;;;;;;;;;;;;;;;;;;;;;;;;;;;
;;;;;;;;;;;;;;;;;;;;;;;;;;;;;;;;;
;;;;;;;;;;;;;;;;;;;;;;;;;;;;;;;;;
;;;;;;;;;;;;;;;;;;;;;;;;;;;;;;;;;
;;;;;;;;;;;;;;;;;;;;;;;;;;;;;;;;;
;;;;;;;;;;;;;;;;;;;;;;;;;;;;;;;;;
;;;;;;;;;;;;;;;;;;;;;;;;;;;;;;;;;
;;;;;;;;;;;;;;;;;;;;;;;;;;;;;;;;;
;;;;;;;;;;;;;;;;;;;;;;;;;;;;;;;;;
;;;;;;;;;;;;;;;;;;;;;;;;;;;;;;;;;
;;;;;;;;;;;;;;;;;;;;;;;;;;;;;;;;;
;;;;;;;;;;;;;;;;;;;;;;;;;;;;;;;;;
;;;;;;;;;;;;;;;;;;;;;;;;;;;;;;;;;
;;;;;;;;;;;;;;;;;;;;;;;;;;;;;;;;;
;;;;;;;;;;;;;;;;;;;;;;;;;;;;;;;;;
;;;;;;;;;;;;;;;;;;;;;;;;;;;;;;;;;
;;;;;;;;;;;;;;;;;;;;;;;;;;;;;;;;;
;;;;;;;;;;;;;;;;;;;;;;;;;;;;;;;;;
;;;;;;;;;;;;;;;;;;;;;;;;;;;;;;;;;
;;;;;;;;;;;;;;;;;;;;;;;;;;;;;;;;;
;;;;;;;;;;;;;;;;;;;;;;;;;;;;;;;;;
;;;;;;;;;;;;;;;;;;;;;;;;;;;;;;;;;
;;;;;;;;;;;;;;;;;;;;;;;;;;;;;;;;;
;;;;;;;;;;;;;;;;;;;;;;;;;;;;;;;;;
;;;;;;;;;;;;;;;;;;;;;;;;;;;;;;;;;
;;;;;;;;;;;;;;;;;;;;;;;;;;;;;;;;;
;;;;;;;;;;;;;;;;;;;;;;;;;;;;;;;;;
;;;;;;;;;;;;;;;;;;;;;;;;;;;;;;;;;
;;;;;;;;;;;;;;;;;;;;;;;;;;;;;;;;;
;;;;;;;;;;;;;;;;;;;;;;;;;;;;;;;;;
;;;;;;;;;;;;;;;;;;;;;;;;;;;;;;;;;
;;;;;;;;;;;;;;;;;;;;;;;;;;;;;;;;;
;;;;;;;;;;;;;;;;;;;;;;;;;;;;;;;;;
;;;;;;;;;;;;;;;;;;;;;;;;;;;;;;;;;
;;;;;;;;;;;;;;;;;;;;;;;;;;;;;;;;;
;;;;;;;;;;;;;;;;;;;;;;;;;;;;;;;;;
;;;;;;;;;;;;;;;;;;;;;;;;;;;;;;;;;
;;;;;;;;;;;;;;;;;;;;;;;;;;;;;;;;;
;;;;;;;;;;;;;;;;;;;;;;;;;;;;;;;;;
;;;;;;;;;;;;;;;;;;;;;;;;;;;;;;;;;
;;;;;;;;;;;;;;;;;;;;;;;;;;;;;;;;;
;;;;;;;;;;;;;;;;;;;;;;;;;;;;;;;;;
;;;;;;;;;;;;;;;;;;;;;;;;;;;;;;;;;
;;;;;;;;;;;;;;;;;;;;;;;;;;;;;;;;;
;;;;;;;;;;;;;;;;;;;;;;;;;;;;;;;;;
;;;;;;;;;;;;;;;;;;;;;;;;;;;;;;;;;
;;;;;;;;;;;;;;;;;;;;;;;;;;;;;;;;;
;;;;;;;;;;;;;;;;;;;;;;;;;;;;;;;;;
;;;;;;;;;;;;;;;;;;;;;;;;;;;;;;;;;
;;;;;;;;;;;;;;;;;;;;;;;;;;;;;;;;;
;;;;;;;;;;;;;;;;;;;;;;;;;;;;;;;;;
;;;;;;;;;;;;;;;;;;;;;;;;;;;;;;;;;
;;;;;;;;;;;;;;;;;;;;;;;;;;;;;;;;;
;;;;;;;;;;;;;;;;;;;;;;;;;;;;;;;;;
;;;;;;;;;;;;;;;;;;;;;;;;;;;;;;;;;
;;;;;;;;;;;;;;;;;;;;;;;;;;;;;;;;;
;;;;;;;;;;;;;;;;;;;;;;;;;;;;;;;;;
;;;;;;;;;;;;;;;;;;;;;;;;;;;;;;;;;
;;;;;;;;;;;;;;;;;;;;;;;;;;;;;;;;;
